Issue Type|Summary|Key|Assignee|Reporter|Priority|Status|Resolution|Created|Updated|Due date|parent|Resolved|Status Category Changed|Linked Issues|Parent Link
Subtask|Install Slack Client|DBAAS-6068|Alex Gomez|Derek Daigrepont|Medium|Done|Done|2021-07-06 11:35:33.742|2021-07-12 11:42:20.481||DBAAS-6048|2021-07-12 11:42:20.476|2021-07-12 11:42:20.481||
Subtask|Update GAL and Profile Information|DBAAS-6067|Alex Gomez|Derek Daigrepont|Medium|Done|Done|2021-07-06 11:35:33.228|2021-07-12 09:34:33.114||DBAAS-6048|2021-07-12 09:34:33.107|2021-07-12 09:34:33.114||
Subtask|Install the Zscaler tool|DBAAS-6054|Alex Gomez|Derek Daigrepont|Medium|Done|Done|2021-07-06 11:35:26.541|2021-07-15 09:37:33.263||DBAAS-6048|2021-07-15 09:37:33.260|2021-07-15 09:37:33.264||
Subtask|Install tools on developer workstation|DBAAS-6053|Alex Gomez|Derek Daigrepont|Medium|Done|Done|2021-07-06 11:35:26.010|2021-08-05 09:53:24.663||DBAAS-6048|2021-08-05 09:53:24.659|2021-08-05 09:53:24.663||
Subtask|Request cloud platform server admin account|DBAAS-6052|Alex Gomez|Derek Daigrepont|Medium|Done|Done|2021-07-06 11:35:25.506|2021-08-05 09:53:19.493||DBAAS-6048|2021-08-05 09:53:19.489|2021-08-05 09:53:19.494||
Subtask|Review and understand important DBaaS documentation (policies, procedures, user guides, etc.)|DBAAS-6051|Alex Gomez|Derek Daigrepont|Medium|Done|Done|2021-07-06 11:35:24.888|2021-07-21 09:33:20.767||DBAAS-6048|2021-07-21 09:33:20.762|2021-07-21 09:33:20.768||
Enabler Story|Conceptualize Design for DBAAS-5814|DBAAS-5815|Alex Gomez|Automation for Jira|Medium|Done|Done|2021-06-22 13:12:08.344|2021-09-20 13:40:00.813||DBAAS-5814|2021-09-20 13:40:00.809|2021-09-20 13:40:00.813||
Task|Implement Power BI file for the Recoverability Collection report|DBAAS-8687|Eduardo Silva|Miguel Martinez|Medium|Ready for Analysis||2022-03-18 11:59:02.766|2022-03-22 17:25:09.936||DBAAS-6943||2022-03-18 11:59:03.118||
Build Story|Create the rules for all the reports between Test and Production Environment|DBAAS-8679|Eduardo Silva|Eduardo Silva|Medium|in Build||2022-03-17 17:55:39.864|2022-03-22 17:05:47.649||DBAAS-6735||2022-03-22 17:05:47.650||
Enhancement|Enhance the DBaaS Database Risk Report, removing the hardcoded table|DBAAS-8672|Eduardo Silva|Eduardo Silva|Medium|Ready for Analysis||2022-03-17 10:13:15.030|2022-03-17 17:32:29.651||||2022-03-17 10:13:15.530|DBAAS-8542|
Bug|TASK000006267714 - Compliance report is not updated after 14th March 5.47PM|DBAAS-8665|Eduardo Silva|Fabian Ponce|Medium|Done|Done|2022-03-16 10:47:01.768|2022-03-16 13:01:33.262|||2022-03-16 13:01:27.178|2022-03-16 13:01:27.186||
Build Story|Document a process for creating and deploying a branch for Power BI files from DEVELOPMENT to PRODUCTION environment|DBAAS-8661|Eduardo Silva|Eduardo Silva|Medium|Done|Done|2022-03-15 14:07:43.291|2022-03-17 17:04:47.112||DBAAS-6735|2022-03-17 17:04:46.794|2022-03-17 17:04:46.799||
Build Story|"Add the ""Software Family"" column to the Power BI Recoverability report"|DBAAS-8616|Eduardo Silva|Miguel Martinez|Medium|Done|Done|2022-03-10 10:26:06.381|2022-03-10 12:03:40.562||DBAAS-6943|2022-03-10 12:02:41.561|2022-03-10 12:02:41.568||
Build Story|Enhance the attestation report (front end)|DBAAS-8610|Eduardo Silva|Eduardo Silva|Medium|Done|Done|2022-03-09 16:42:00.525|2022-03-22 20:34:23.567||DBAAS-8335|2022-03-09 19:25:11.299|2022-03-09 19:25:11.308|DBAAS-8609|
Build Story|Final review for Recoverability Report|DBAAS-8608|Eduardo Silva|Eduardo Silva|Medium|Done|Done|2022-03-09 16:01:18.037|2022-03-22 14:49:15.084||DBAAS-6943|2022-03-22 13:04:47.476|2022-03-22 13:04:47.483||
Enhancement|Design and Develop a Power BI report to display the Aurora Read Replicas node status|DBAAS-8606|Eduardo Silva|Pooja Chanana|Medium|Ready for Analysis||2022-03-09 13:57:52.732|2022-03-18 01:25:21.663||||2022-03-18 01:25:21.664|DBAAS-8602|
Task|Document the steps to use the PBI Pipeline |DBAAS-8605|Eduardo Silva|Eduardo Silva|Medium|Done|Done|2022-03-09 13:37:52.880|2022-03-09 16:26:05.254||DBAAS-6735|2022-03-09 16:26:05.245|2022-03-09 16:26:05.254||
Task|Document a confluence page with the steps to create a SP and move it from dev to production|DBAAS-8600|Eduardo Silva|Eduardo Silva|Medium|Done|Done|2022-03-09 10:18:35.630|2022-03-11 13:41:50.698|||2022-03-11 13:41:50.691|2022-03-11 13:41:50.698||
Task|Enhance Recoverability Report|DBAAS-8599|Eduardo Silva|Eduardo Silva|Medium|Done|Done|2022-03-09 10:08:31.752|2022-03-09 10:10:14.616||DBAAS-6943|2022-03-09 10:10:08.653|2022-03-09 10:10:08.659||
Task|Document recoverability details on PBI report confluence page|DBAAS-8573|Eduardo Silva|Eduardo Silva|Medium|Ready for Analysis||2022-03-07 17:07:24.934|2022-03-17 17:32:20.452||DBAAS-6943||2022-03-11 11:23:13.524|DBAAS-8525|
Task|Build a presentation about process to upload PBI reports for CaaS team|DBAAS-8557|Eduardo Silva|Eduardo Silva|Medium|Done|Done|2022-03-03 14:09:31.609|2022-03-03 20:23:46.842|||2022-03-03 20:23:46.835|2022-03-03 20:23:46.842||
Enhancement|Enhance the DBaaS Database Instance Account Compliance Report, removing the hardocoded table|DBAAS-8542|Eduardo Silva|Eduardo Silva|Medium|Done|Done|2022-03-02 16:25:00.199|2022-03-17 10:13:15.673|||2022-03-10 16:03:30.985|2022-03-10 16:03:30.990|DBAAS-8617;DBAAS-8672|
Build Story|Remove Hard-Coded Table from the DBaaS Database Instance Recoverability Report|DBAAS-8526|Eduardo Silva|Eduardo Silva|Medium|Done|Done|2022-03-02 14:03:49.625|2022-03-22 20:28:59.569||DBAAS-6943|2022-03-08 16:05:17.310|2022-03-08 16:05:17.318||
Enabler Story|Enhance data model for the attestation app for filtering all the report|DBAAS-8492|Eduardo Silva|Ricardo Martinez|Medium|Done|Done|2022-02-28 17:02:14.155|2022-03-03 01:10:21.214||DBAAS-5814|2022-03-03 01:10:21.208|2022-03-03 01:10:21.215||
Build Story|Merge reports of Attestation and the APP into 1 PBI report|DBAAS-8367|Eduardo Silva|Eduardo Silva|Medium|Done|Done|2022-02-18 10:05:22.761|2022-03-22 20:30:05.150||DBAAS-8335|2022-02-23 17:03:42.086|2022-02-23 17:03:42.094|DBAAS-8333;DBAAS-8334|
Enabler Story|Research To Display the Filters Selected on the DB Instance Attestation Application On the Power BI Report|DBAAS-8334|Eduardo Silva|Pooja Chanana|Medium|Done||2022-02-15 12:57:13.555|2022-02-18 10:05:22.823||DBAAS-8335||2022-02-16 10:27:52.015|DBAAS-8333;DBAAS-8367|
Build Story|Update the Web Attestation UI to Display the Environment filter|DBAAS-8333|Eduardo Silva|Pooja Chanana|Medium|Done|Done|2022-02-15 12:55:42.636|2022-02-25 12:43:34.477||DBAAS-8335|2022-02-25 12:43:34.471|2022-02-25 12:43:34.477|DBAAS-8334;DBAAS-8367|
Task|Document Process that Enabling Solutions Squad Will Use to Create and Use Branches for Git-Bitbucket|DBAAS-8114|Eduardo Silva|Eduardo Silva|Medium|Done|Done|2022-01-31 18:38:54.827|2022-02-04 18:53:59.739|||2022-02-04 18:53:57.352|2022-02-04 18:53:57.363||
Enabler Story|Research the specifications for leaver processes for priority planning  |DBAAS-8039|Eduardo Silva|Eduardo Silva|Medium|Done|Done|2022-01-19 16:23:55.081|2022-01-25 09:26:21.246||DBAAS-7839|2022-01-25 09:26:14.389|2022-01-25 09:26:14.395|DBAAS-8041|
Task|Research  Leaver process for DBaaS member|DBAAS-7929|Eduardo Silva|Ricardo Martinez|Medium|Done|Done|2022-01-10 09:48:48.714|2022-01-13 01:26:15.552||DBAAS-7839|2022-01-13 01:26:11.855|2022-01-13 01:26:11.862||
Enhancement|Add Database Instance UID in DB Assets Power BI report|DBAAS-7835|Eduardo Silva|Pooja Chanana|Medium|Done|Done|2021-12-22 14:38:50.043|2022-01-11 13:20:03.358|||2022-01-06 18:25:50.991|2022-01-06 18:25:50.997|DBAAS-7808|
Enabler Story|FIX Power BI - SQL error|DBAAS-7818|Eduardo Silva|Eduardo Silva|Medium|Done|Done|2021-12-15 19:33:32.536|2021-12-17 14:50:07.648|||2021-12-17 14:50:07.641|2021-12-17 14:50:07.648||
Build Story|Enhance the Power Automate Notification to attach an Excel file with the pending attestation instance|DBAAS-7804|Eduardo Silva|Eduardo Silva|Medium|Done|Done|2021-12-15 01:20:22.870|2022-03-07 16:48:31.637||DBAAS-7766|2022-02-09 14:13:54.353|2022-02-09 14:13:54.361||
Task|Research the Datasets discovery using the datasets hub|DBAAS-7751|Eduardo Silva|Eduardo Silva|Medium|Done|Done|2021-12-08 20:30:04.502|2022-01-04 10:32:28.272|||2022-01-04 09:22:49.765|2022-01-04 09:22:49.772||
Build Story|Test for bitbucket and OneDrive as Version Control for PBI|DBAAS-7730|Eduardo Silva|Eduardo Silva|Medium|Done|Done|2021-12-07 16:37:31.095|2022-01-04 10:25:40.666||DBAAS-5814|2021-12-22 01:21:10.562|2021-12-22 01:21:10.571|DBAAS-7652|
Enabler Story|Create CI/CD PBI pipeline documentation|DBAAS-7682|Eduardo Silva|Eduardo Silva|Medium|Done|Done|2021-12-01 09:31:26.838|2021-12-12 23:22:25.257|2021-12-03 00:00:00.000|DBAAS-6735|2021-12-03 11:00:05.651|2021-12-03 11:00:05.658||
Enhancement|Review OneDrive as PBI Version Control|DBAAS-7652|Eduardo Silva|Eduardo Silva|Medium|Done|Done|2021-11-23 21:15:13.200|2021-12-15 19:34:06.520|2021-12-10 00:00:00.000||2021-12-07 16:28:11.778|2021-12-07 16:28:11.784|DBAAS-7730|
Enhancement|Test the Changes in the PBI pipeline|DBAAS-7617|Eduardo Silva|Eduardo Silva|Low|Done|Done|2021-11-22 09:25:38.487|2021-11-26 10:35:02.399|||2021-11-26 10:35:02.390|2021-11-26 10:35:02.399||
Bug|Identify and repair a mistake with the data that makes the refresh fail|DBAAS-7594|Eduardo Silva|Ricardo Martinez|Medium|Done|Done|2021-11-18 10:12:35.761|2021-11-18 12:09:11.941|2021-11-19 00:00:00.000||2021-11-18 12:09:11.935|2021-11-18 12:09:11.941||
Bug|Check DBaaS Database Assets report|DBAAS-7584|Eduardo Silva|Eduardo Silva|Medium|Done|Done|2021-11-17 09:29:14.008|2021-11-18 18:26:11.147|||2021-11-18 18:26:11.142|2021-11-18 18:26:11.147||
Build Story|PBI. Update the historic Attestation PBI reports to handle dynamic and fixed periods|DBAAS-7485|Eduardo Silva|Miguel Martinez|Medium|Done|Done|2021-11-08 17:23:58.686|2021-11-10 18:11:26.689||DBAAS-5814|2021-11-10 18:11:23.604|2021-11-10 18:11:23.608||
Bug|Check and correct Managed DBaaS Support Cost Report|DBAAS-7441|Eduardo Silva|Eduardo Silva|Medium|Done|Done|2021-11-05 12:37:06.230|2021-11-10 12:33:08.930|||2021-11-10 12:33:03.961|2021-11-10 12:33:03.970||
Enabler Story|PAPPS. Read pipelines documentation|DBAAS-7440|Eduardo Silva|Ricardo Martinez|Medium|Done|Done|2021-11-05 12:32:48.344|2021-11-10 12:32:41.105||DBAAS-5814|2021-11-09 22:40:53.960|2021-11-09 22:40:53.966|DBAAS-7315|
Bug|Check empty reports in DBaaS workspace|DBAAS-7429|Eduardo Silva|Eduardo Silva|Medium|Done|Done|2021-11-04 19:36:45.179|2021-11-10 13:27:15.662|||2021-11-10 13:27:12.889|2021-11-10 13:27:12.895||
Enabler Story|Set up the Attestation app flows in Power Automate with the new DB SYNATT schema|DBAAS-7378|Eduardo Silva|Miguel Martinez|Medium|Done|Done|2021-10-28 18:04:43.784|2021-11-01 21:13:55.928|2021-11-05 00:00:00.000|DBAAS-5814|2021-11-01 18:58:19.729|2021-11-01 18:58:19.736|DBAAS-7376;DBAAS-7379|
Build Story|Document the Recoverability Status PowerBI Report to have a better understanding from technical POV|DBAAS-7333|Eduardo Silva|Julio Alcala|Medium|Done|Done|2021-10-25 16:32:07.432|2022-03-02 14:05:13.966||DBAAS-6943|2022-03-02 14:05:13.957|2022-03-02 14:05:13.966|DBAAS-6224;DBAAS-8500|
Enabler Story|P-AUTOMATE. Modify flow to send email notifications.|DBAAS-7330|Eduardo Silva|Ricardo Martinez|Medium|Done|Done|2021-10-25 12:27:54.637|2021-11-01 21:13:54.347||DBAAS-5814|2021-10-28 11:09:32.397|2021-10-28 11:09:32.403|DBAAS-7017;DBAAS-7331|
Enabler Story|"Documentation for the new report ""Optimization of Oracle Database License Cost"""|DBAAS-7326|Eduardo Silva|Eduardo Silva|Medium|Done|Done|2021-10-25 10:52:24.118|2021-11-12 10:30:11.600|||2021-11-12 10:30:11.595|2021-11-12 10:30:11.601||
Enabler Story|PBI. Modify the log report with the new table structure|DBAAS-7207|Eduardo Silva|Ricardo Martinez|Medium|Done|Done|2021-10-19 11:49:15.035|2021-11-01 21:13:47.351||DBAAS-5814|2021-10-28 12:35:43.938|2021-10-28 12:35:43.947|DBAAS-7205|
Enabler Story|P-AUTOMATE. Modify the flow that triggers the SP so that it retrieves the required columns from the app|DBAAS-7204|Eduardo Silva|Ricardo Martinez|Medium|Done|Done|2021-10-19 11:38:27.096|2021-10-25 12:28:37.765||DBAAS-5814|2021-10-25 12:24:00.909|2021-10-25 12:24:00.914|DBAAS-7205;DBAAS-7203|
Build Story|Test the Power BI pipeline process from Local Environment -  Dev - UAT - PROD|DBAAS-7198|Eduardo Silva|Julio Alcala|Medium|Done|Done|2021-10-19 10:10:15.759|2021-11-12 15:43:28.616|2021-12-31 00:00:00.000|DBAAS-6735|2021-11-12 15:41:05.618|2021-11-12 15:41:05.626|DBAAS-7200;DBAAS-6734|
Task|Enable refresh of DBaaS Database Collection Connectivity Report on DBaaS Platform workspace |DBAAS-7195|Eduardo Silva|Susie Llinas|Medium|Done|Done|2021-10-19 09:35:22.268|2021-10-19 10:05:57.563|||2021-10-19 10:05:57.558|2021-10-19 10:05:57.564||
Enabler Story|Test the Attestation Solution in the different Browser|DBAAS-7111|Eduardo Silva|Julio Alcala|Medium|Done|Done|2021-10-08 08:50:53.155|2021-10-25 10:40:59.708|2021-10-22 00:00:00.000|DBAAS-5814|2021-10-25 10:40:59.704|2021-10-25 10:40:59.708||
Enabler Story|Reenable Attestion App DEV environment|DBAAS-7105|Eduardo Silva|Miguel Martinez|Medium|Done|Done|2021-10-06 18:08:24.953|2021-10-06 18:21:48.917||DBAAS-5814|2021-10-06 18:21:18.404|2021-10-06 18:21:18.414||
Enabler Story|Notify the database instance owner and Portfolio Owner, based on the quarters of the year|DBAAS-7094|Eduardo Silva|Eduardo Silva|Medium|Done|Done|2021-10-04 21:48:27.533|2021-10-21 02:07:18.200||DBAAS-5814|2021-10-21 02:07:18.197|2021-10-21 02:07:18.200||
Enabler Story|Power Automate should add the logs to the notifications email |DBAAS-7036|Eduardo Silva|Eduardo Silva|Medium|Done|Done|2021-09-27 10:42:28.320|2021-10-05 09:27:02.872||DBAAS-5814|2021-10-05 09:26:27.313|2021-10-05 09:26:27.317||
Enabler Story|P-AUTOMATE. Adapt email notification flow to run log SP|DBAAS-7018|Eduardo Silva|Ricardo Martinez|Medium|Done|Done|2021-09-23 12:37:37.183|2021-09-29 14:02:24.168||DBAAS-5814|2021-09-29 13:43:20.367|2021-09-29 13:43:20.403||
Feature|PowerBI Report for Recoverability Status for all DBaaS Hosted Database Instances|DBAAS-6943|Eduardo Silva|Pooja Chanana|Medium|in Build||2021-09-20 08:18:45.560|2022-03-22 11:55:23.361|2022-03-11 00:00:00.000|||2021-09-20 08:25:07.726|DBAAS-4462|
Enhancement|Update Product Rate Card Power BI report|DBAAS-6689|Eduardo Silva|Pooja Chanana|Medium|Done|Done|2021-09-03 13:51:49.704|2021-10-19 14:25:14.961|||2021-09-17 09:32:31.424|2021-09-17 09:32:31.428||
Enabler Story|Review status & Passwords of attestation of all database instances	-	Leadership Report. PBI|DBAAS-6525|Eduardo Silva|Fabian Ponce|Medium|Done|Done|2021-08-26 12:50:29.778|2021-09-29 12:56:40.372||DBAAS-5814|2021-09-29 12:56:40.368|2021-09-29 12:56:40.372||
Enabler Story|Review status attestation of all database instancesv - View a historical report of all actions by service. Power BI|DBAAS-6523|Eduardo Silva|Fabian Ponce|Medium|Done|Done|2021-08-26 12:50:11.974|2021-10-21 01:50:41.064||DBAAS-5814|2021-10-21 01:50:41.060|2021-10-21 01:50:41.064||
Enabler Story|Review status of attestation of all database instances	- View a report of all actions by service. Power BI|DBAAS-6521|Eduardo Silva|Fabian Ponce|Medium|Done|Done|2021-08-26 12:49:52.125|2021-10-21 01:50:45.622||DBAAS-5814|2021-10-21 01:50:45.619|2021-10-21 01:50:45.622||
Enabler Story|Notification. Escalation e-mail	-	Send escalation e-mail notification to Portfolio Owner 7 days prior to 90 days after the last attestation.|DBAAS-6519|Eduardo Silva|Fabian Ponce|Medium|Done|Done|2021-08-26 12:48:35.176|2021-09-27 10:48:14.078||DBAAS-5814|2021-09-27 10:46:43.246|2021-09-27 10:46:43.250||
Enabler Story|Notification. e-mail 14 days prior to 90 days	- Send e-mail notification to IT Service Owner 14 days prior to 90 days after the last attestation. (P-Automate)|DBAAS-6516|Eduardo Silva|Fabian Ponce|Medium|Done|Done|2021-08-26 12:48:10.101|2021-09-27 10:46:37.087||DBAAS-5814|2021-09-27 10:46:37.081|2021-09-27 10:46:37.087||
Enabler Story|Review status of attestation of all database instances - List all database instances. (PBI)|DBAAS-6515|Eduardo Silva|Fabian Ponce|Medium|Done|Done|2021-08-26 12:48:01.359|2021-09-29 12:57:19.332||DBAAS-5814|2021-09-29 12:57:19.327|2021-09-29 12:57:19.332|DBAAS-6514|
Subtask|Correct visuals in Managed DBaaS Support Cost Forecast|DBAAS-6489|Eduardo Silva|Ricardo Martinez|Medium|Done|Done|2021-08-20 13:03:40.733|2021-08-23 16:37:04.216||DBAAS-6470|2021-08-23 16:36:10.313|2021-08-23 16:36:10.317||
Subtask|Validate and correct Database Risk Report|DBAAS-6479|Eduardo Silva|Ricardo Martinez|Medium|Done|Done|2021-08-17 11:02:47.044|2021-08-20 12:53:24.737||DBAAS-6470|2021-08-20 12:53:20.059|2021-08-20 12:53:20.065||
Subtask|Validate and correct Support Cost Forecast|DBAAS-6478|Eduardo Silva|Ricardo Martinez|Medium|Done|Done|2021-08-17 11:02:37.874|2021-08-20 12:53:14.423||DBAAS-6470|2021-08-20 12:53:11.705|2021-08-20 12:53:11.709||
Subtask|Check and correct Managed DBaaS Support Cost Report|DBAAS-6475|Eduardo Silva|Ricardo Martinez|Medium|Done|Done|2021-08-17 09:48:07.160|2021-11-05 12:38:24.671||DBAAS-6469|2021-11-05 12:38:24.664|2021-11-05 12:38:24.671||
Subtask|Check and correct Managed DBaaS Supplier Management Report|DBAAS-6474|Eduardo Silva|Ricardo Martinez|Medium|Done|Done|2021-08-17 09:47:56.387|2021-08-25 09:34:36.711||DBAAS-6469|2021-08-25 09:34:36.707|2021-08-25 09:34:36.712||
Enhancement|Update Managed DBaaS Product Rate Card Power BI report|DBAAS-6411|Eduardo Silva|Pooja Chanana|Expedite|Done|Done|2021-08-12 12:20:27.266|2021-09-26 21:35:05.312|||2021-08-16 16:33:44.801|2021-08-16 16:33:44.804||
Enhancement|Update Power BI Report: Managed DBaaS Product Rate Card|DBAAS-6387|Eduardo Silva|Pooja Chanana|Medium|Done|Done|2021-08-09 13:13:19.248|2021-09-26 21:26:27.412|||2021-08-11 16:52:24.586|2021-08-11 16:52:24.591|DBAAS-6385|
Enhancement|Update Managed DBaaS Support Cost Forecast Report|DBAAS-6319|Eduardo Silva|Pooja Chanana|Medium|Done|Done|2021-08-03 08:56:22.031|2021-09-26 21:35:06.755|||2021-08-03 14:54:44.623|2021-08-03 14:54:44.628||
Build Story|Develop the Power BI Database Instance Recoverability report for   DBaaS clients are able to know if their Database instances & objects are recoverable|DBAAS-6224|Eduardo Silva|Pooja Chanana|Medium|Done|Done|2021-07-20 10:41:11.921|2022-03-01 16:09:10.345||DBAAS-6943|2022-03-01 16:09:10.338|2022-03-01 16:09:10.345|DBAAS-7333;DBAAS-6223|
Enabler Story|Design the Power BI Database Instance Recoverability report|DBAAS-6223|Eduardo Silva|Pooja Chanana|Medium|Done|Done|2021-07-20 10:40:51.471|2022-02-16 10:13:15.765||DBAAS-6943|2022-02-16 10:13:06.989|2022-02-16 10:13:06.997|DBAAS-6224;DBAAS-6222|
Build Story|Develop the Stored Procedure to produce the Dataset for the Recoverability Power BI report|DBAAS-6222|Eduardo Silva|Pooja Chanana|Medium|Done|Done|2021-07-20 10:40:26.968|2022-02-14 09:31:15.398||DBAAS-6943|2022-02-11 11:22:42.148|2022-02-11 11:22:42.157|DBAAS-6223|
Enhancement|Enhance the DBaaS Database Assets Report with 'Auto Minor Version Update' Column|DBAAS-6164|Eduardo Silva|Pooja Chanana|Medium|Blocked||2021-07-16 09:39:30.372|2022-03-09 16:26:13.469||||2021-07-16 09:44:24.793|DBAAS-7874;DBAAS-2515;DBAAS-5835|
Subtask|Install Slack Client|DBAAS-6046|Eduardo Silva|Derek Daigrepont|Medium|Done|Done|2021-07-06 11:30:17.984|2021-07-14 15:13:00.814||DBAAS-6026|2021-07-14 15:13:00.808|2021-07-14 15:13:00.814||
Subtask|Update GAL and Profile Information|DBAAS-6045|Eduardo Silva|Derek Daigrepont|Medium|Done|Done|2021-07-06 11:30:17.626|2021-07-14 15:13:06.139||DBAAS-6026|2021-07-14 15:13:06.136|2021-07-14 15:13:06.140||
Subtask|Install the Zscaler tool|DBAAS-6032|Eduardo Silva|Derek Daigrepont|Medium|Done|Done|2021-07-06 11:30:13.430|2021-07-14 15:13:10.005||DBAAS-6026|2021-07-14 15:13:09.997|2021-07-14 15:13:10.006||
Subtask|Install tools on developer workstation|DBAAS-6031|Eduardo Silva|Derek Daigrepont|Medium|Done|Done|2021-07-06 11:30:13.058|2021-07-14 15:13:15.908||DBAAS-6026|2021-07-14 15:13:15.903|2021-07-14 15:13:15.909||
Subtask|Request cloud platform server admin account|DBAAS-6030|Eduardo Silva|Derek Daigrepont|Medium|Done|Done|2021-07-06 11:30:12.667|2021-07-14 15:13:21.276||DBAAS-6026|2021-07-14 15:13:21.273|2021-07-14 15:13:21.277||
Subtask|Review and understand important DBaaS documentation (policies, procedures, user guides, etc.)|DBAAS-6029|Eduardo Silva|Derek Daigrepont|Medium|Done|Done|2021-07-06 11:30:12.315|2021-07-14 15:13:25.393||DBAAS-6026|2021-07-14 15:13:25.388|2021-07-14 15:13:25.393||
Enhancement|Enhance the DBaaS Database Assets Report with Additional Columns|DBAAS-5835|Eduardo Silva|Pooja Chanana|Medium|Done|Done|2021-06-24 09:37:10.120|2021-07-17 15:52:57.875|2021-09-17 00:00:00.000||2021-07-16 14:44:07.841|2021-07-16 14:44:07.848|DBAAS-6164|
Build Story|Develop Report for the Optimization of Oracle Database License Cost|DBAAS-4923|Eduardo Silva|Erik Solis|High|Done|Done|2021-02-26 10:57:31.036|2021-11-12 10:30:58.616|2021-11-19 00:00:00.000|DBAAS-4507|2021-11-12 10:30:42.922|2021-11-12 10:30:42.928||
Bug|TASK000006291418 - DBaaS Database Assets - instance details are missing|DBAAS-8711|Fabian Ponce|Fabian Ponce|Medium|in Build||2022-03-22 09:04:36.893|2022-03-23 10:33:33.007||||2022-03-22 09:05:30.090||
Build Story|Deployment Invalid Asset Configuration Report |DBAAS-8669|Fabian Ponce|Fabian Ponce|Medium|Done|Done|2022-03-16 17:54:21.481|2022-03-17 16:56:12.719|||2022-03-17 16:38:19.693|2022-03-17 16:38:19.700|DBAAS-5593|
Build Story|"Add the ""Product Family"" column to the Power BI Recoverability report"|DBAAS-8618|Fabian Ponce|Fabian Ponce|Medium|Done|Done|2022-03-10 12:03:37.886|2022-03-10 12:04:37.291||DBAAS-6943|2022-03-10 12:04:37.284|2022-03-10 12:04:37.291||
Enhancement|Enhance the DBaaS Database Instance Account Compliance Report, removing the hardocoded table|DBAAS-8617|Fabian Ponce|Fabian Ponce|Medium|Done|Done|2022-03-10 11:09:17.767|2022-03-14 18:51:08.510|||2022-03-14 17:15:16.723|2022-03-14 17:15:16.732|DBAAS-8542|
Bug|TASK000006230580 - DBaaS Invalid Asset Configuration Report|DBAAS-8615|Fabian Ponce|Fabian Ponce|Medium|Done|Done|2022-03-10 09:59:51.581|2022-03-15 10:09:32.407|||2022-03-14 18:58:57.806|2022-03-14 18:58:57.813||
Task|Document a confluence page with the steps to create a SP and move it from dev to production.|DBAAS-8601|Fabian Ponce|Eduardo Silva|Medium|Done|Done|2022-03-09 10:20:05.252|2022-03-11 14:40:57.691|||2022-03-11 14:37:58.346|2022-03-11 14:37:58.356||
Bug|TASK000006215789 - DBaaS Invalid Asset Configuration Report|DBAAS-8584|Fabian Ponce|Fabian Ponce|Medium|Done|Done|2022-03-08 09:27:46.752|2022-03-08 10:11:54.399|||2022-03-08 10:11:54.391|2022-03-08 10:11:54.399||
Build Story|Enhance the DBaaS Database Instance Recoverability Report removing the hardcoded table|DBAAS-8574|Fabian Ponce|Fabian Ponce|Medium|Done|Done|2022-03-07 17:34:46.645|2022-03-10 09:25:52.201|||2022-03-10 09:25:52.191|2022-03-10 09:25:52.201||
Bug|TASK000006186404 - PowerBI - Database Software End of Serviceable Life Report unknown entries|DBAAS-8510|Fabian Ponce|Fabian Ponce|Medium|Done|Done|2022-03-02 09:22:17.789|2022-03-02 10:07:40.471|||2022-03-02 10:07:35.892|2022-03-02 10:07:35.900||
Build Story|Modify Attestation tables in order to support the [APPLICATION_DEPLOYMENT_ENVIRONMENT] column|DBAAS-8450|Fabian Ponce|Fabian Ponce|Medium|Done|Done|2022-02-24 18:11:58.082|2022-03-08 16:05:51.480||DBAAS-8335|2022-02-25 12:36:20.999|2022-02-25 12:36:21.006||
Task|Make a performance test for all database instances in the DBaaS IaaS Storage Values collection|DBAAS-8437|Fabian Ponce|Miguel Martinez|Medium|Ready for Analysis||2022-02-23 15:45:13.591|2022-03-11 11:32:20.323||DBAAS-8489||2022-02-23 15:45:13.901||
Build Story|Create the DBaaS IaaS Storage Values PowerShell scripts for SQL Server instances|DBAAS-8435|Fabian Ponce|Miguel Martinez|Medium|Ready for Analysis||2022-02-23 15:43:17.209|2022-03-18 13:26:28.061||DBAAS-8489||2022-02-23 15:43:17.838||
Build Story|Create database objects for the DBaaS IaaS Storage Values data collection model|DBAAS-8432|Fabian Ponce|Miguel Martinez|Medium|Ready for Analysis||2022-02-23 15:40:28.517|2022-03-18 13:26:09.457||DBAAS-8489||2022-02-23 15:40:29.056||
Bug|TASK000006149876 - unable to access DBaaS power BI report|DBAAS-8428|Fabian Ponce|Fabian Ponce|Medium|Done|Done|2022-02-23 09:37:38.944|2022-02-23 09:48:34.146|||2022-02-23 09:48:33.027|2022-02-23 09:48:33.036||
Build Story|Enhance database objects for system optimization to support the review of query SQL Server|DBAAS-8368|Fabian Ponce|Julio Alcala|Medium|Blocked||2022-02-18 10:11:27.592|2022-03-11 11:30:14.682||DBAAS-7946||2022-02-22 16:04:41.337|DBAAS-8123;DBAAS-8607|
Build Story|Modify the integration process to handle the [APPLICATION_DEPLOYMENT_ENVIRONMENT] column |DBAAS-8350|Fabian Ponce|Fabian Ponce|Medium|Done|Done|2022-02-16 17:50:19.541|2022-02-18 10:01:55.676||DBAAS-8335|2022-02-18 10:01:55.668|2022-02-18 10:01:55.676||
Build Story|Modify Attestation tables in order to support the [APPLICATION_DEPLOYMENT_ENVIRONMENT] column|DBAAS-8349|Fabian Ponce|Fabian Ponce|Medium|Done|Done|2022-02-16 17:42:00.906|2022-02-16 18:06:15.304||DBAAS-8335|2022-02-16 18:00:23.954|2022-02-16 18:00:23.962||
Enabler Story|Research SQL DB CI/CD pipeline |DBAAS-8343|Fabian Ponce|Fabian Ponce|Medium|Done||2022-02-15 18:38:26.874|2022-02-25 12:37:19.815||||2022-02-16 10:38:19.243|DBAAS-7875|
Build Story|Create database objects to review the System Optimization query for SQL Server instances|DBAAS-8241|Fabian Ponce|Miguel Martinez|Medium|Done|Done|2022-02-09 17:02:50.662|2022-02-11 11:06:12.880||DBAAS-7946|2022-02-11 11:06:12.875|2022-02-11 11:06:12.881||
Bug|TASK000006044447 - DBaaS Invalid Asset Configuration Report|DBAAS-8192|Fabian Ponce|Fabian Ponce|Medium|Done|Done|2022-02-04 12:35:06.480|2022-02-08 12:33:25.417|||2022-02-04 14:52:42.149|2022-02-04 14:52:42.156||
Bug|TASK000006039754 - PowerBI reports are not updated after 1st Feb|DBAAS-8178|Fabian Ponce|Fabian Ponce|Medium|Done|Done|2022-02-03 14:34:13.746|2022-02-04 09:18:51.490|||2022-02-04 09:18:51.481|2022-02-04 09:18:51.490||
Enabler Story|Develop a stored procedure to provide all instances that need to be notified via email|DBAAS-8167|Fabian Ponce|Fabian Ponce|Medium|Done|Done|2022-02-02 12:31:17.827|2022-02-09 14:12:55.718||DBAAS-5814|2022-02-09 14:12:55.710|2022-02-09 14:12:55.718||
Task|Make a performance test for all database instances in the System Optimization collection|DBAAS-8131|Fabian Ponce|Miguel Martinez|Medium|Ready for Analysis||2022-02-01 12:22:20.958|2022-02-03 17:04:42.760||DBAAS-7946||2022-02-01 12:22:21.766||
Build Story|Create System Optimization PowerShell scripts for MySQL instances|DBAAS-8130|Fabian Ponce|Miguel Martinez|Medium|Ready for Analysis||2022-02-01 12:10:45.734|2022-02-03 16:46:36.592|2021-12-17 00:00:00.000|DBAAS-8184||2022-02-01 12:10:46.101||
Build Story|Create System Optimization collection PowerShell scripts for Oracle instances|DBAAS-8127|Fabian Ponce|Miguel Martinez|Medium|Ready for Analysis||2022-02-01 12:07:28.451|2022-02-03 16:35:39.837|2021-12-17 00:00:00.000|DBAAS-8180||2022-02-01 12:07:28.751||
Build Story|Create database objects for the System Optimization data collection model|DBAAS-8125|Fabian Ponce|Miguel Martinez|Medium|Ready for Analysis||2022-02-01 11:51:45.842|2022-02-18 10:14:37.900||DBAAS-7946||2022-02-09 14:11:23.269||
Enabler Story|Modify IT SERVICE OWNER EMAILS for the testing|DBAAS-8117|Fabian Ponce|Fabian Ponce|Medium|Done|Done|2022-02-01 09:25:50.800|2022-02-01 09:40:46.299||DBAAS-4462|2022-02-01 09:40:46.291|2022-02-01 09:40:46.300||
Enabler Story|Documentation of the Attestation database objects|DBAAS-8113|Fabian Ponce|Fabian Ponce|Medium|Done|Done|2022-01-31 09:15:06.088|2022-02-02 19:08:11.137|2022-02-08 00:00:00.000|DBAAS-5814|2022-02-02 19:08:11.128|2022-02-02 19:08:11.137||
Bug|"TASK000005992720 - Errors in PowerBi report ""DBaaS Invalid asset configuration report"""|DBAAS-8103|Fabian Ponce|Fabian Ponce|Medium|Done|Done|2022-01-27 09:12:20.626|2022-01-28 12:47:11.924|||2022-01-28 12:47:11.916|2022-01-28 12:47:11.924||
Bug|"TASK000005986241 - Missing instance details in ""DBaaS Database Instance Account Compliance Report"""|DBAAS-8087|Fabian Ponce|Fabian Ponce|Medium|Done|Done|2022-01-26 09:21:58.944|2022-01-27 10:17:53.119|2022-02-02 00:00:00.000||2022-01-27 10:17:53.114|2022-01-27 10:17:53.119||
Enabler Story|Modify Tables and stored procedures according to the last modifications|DBAAS-8083|Fabian Ponce|Fabian Ponce|Medium|Done|Done|2022-01-24 18:18:43.391|2022-01-24 18:32:41.528||DBAAS-4462|2022-01-24 18:32:41.521|2022-01-24 18:32:41.528||
Enabler Story|Eliminate dummies tables from SQL Developer environment|DBAAS-8082|Fabian Ponce|Fabian Ponce|Medium|Done|Done|2022-01-24 16:30:14.449|2022-01-24 18:10:13.138||DBAAS-4462|2022-01-24 18:10:13.133|2022-01-24 18:10:13.138||
Enabler Story|"TASK000005956250 - Missing instance details in ""DBaaS Database Instance Account Compliance Report"""|DBAAS-8048|Fabian Ponce|Fabian Ponce|Medium|Done|Done|2022-01-20 09:07:33.776|2022-01-20 13:49:31.406|||2022-01-20 13:49:30.097|2022-01-20 13:49:30.104||
Task|Documentation of the Attestation database model|DBAAS-8021|Fabian Ponce|Fabian Ponce|Medium|Done|Done|2022-01-17 11:01:16.284|2022-01-20 20:22:01.876||DBAAS-5814|2022-01-20 20:22:01.871|2022-01-20 20:22:01.876||
Enabler Story|SQL. Set a test dataset environment|DBAAS-8001|Fabian Ponce|Fabian Ponce|Medium|Done|Done|2022-01-14 09:39:29.005|2022-01-14 17:08:31.941||DBAAS-5814|2022-01-14 17:08:31.925|2022-01-14 17:08:31.941||
Bug|Modify the store procedure SYNRPT.RPT_INVALID_ASSET_CONFIGURATION to remove the duplication record in DBaaS Invalid asset configuration report|DBAAS-7926|Fabian Ponce|Julio Alcala|Medium|Done|Done|2022-01-10 08:46:22.159|2022-02-10 09:46:43.222|||2022-02-09 14:02:43.925|2022-02-09 14:02:43.932||
Enhancement|Incorporate PowerBI Pipeline in the CI/CD Process for Stored Procedures|DBAAS-7875|Fabian Ponce|Pooja Chanana|Medium|Done|Done|2022-01-05 08:04:24.522|2022-03-11 11:44:05.152|||2022-03-11 11:30:47.203|2022-03-11 11:30:47.210|DBAAS-8343;DBAAS-6735|
Build Story|Modify the Store Procedure SYNRPT.RPT_PRODUCT_CONSUMPTIONSQL - Modify SP to handle the Auto Minor Version Upgrade|DBAAS-7874|Fabian Ponce|Fabian Ponce|Medium|Done|Done|2022-01-05 07:11:39.111|2022-01-21 10:27:44.969|||2022-01-21 10:27:44.964|2022-01-21 10:27:44.969|DBAAS-6164|
Enabler Story|SQL. Set a test dataset environment |DBAAS-7868|Fabian Ponce|Fabian Ponce|Medium|Done|Done|2022-01-04 09:02:44.176|2022-01-07 10:42:17.709|2022-01-11 00:00:00.000|DBAAS-5814|2022-01-07 10:42:17.701|2022-01-07 10:42:17.710||
Enabler Story|Implement recoverability scripts for Postgre instances in PowerShell|DBAAS-7866|Fabian Ponce|Miguel Martinez|Medium|Done|Done|2022-01-03 12:21:48.548|2022-01-14 17:08:45.815||DBAAS-4462|2022-01-14 17:08:45.807|2022-01-14 17:08:45.815||
Build Story|Implementation in Developer environment|DBAAS-7852|Fabian Ponce|Fabian Ponce|Medium|Done|Done|2021-12-28 09:15:19.714|2022-01-03 08:59:19.814|2021-12-31 00:00:00.000|DBAAS-4462|2022-01-03 08:59:19.808|2022-01-03 08:59:19.814||
Enabler Story|SQL - Fix duplicate records in the log table|DBAAS-7834|Fabian Ponce|Fabian Ponce|Medium|Done|Done|2021-12-22 09:10:35.246|2022-01-03 08:59:45.639|2021-12-29 00:00:00.000|DBAAS-5814|2022-01-03 08:59:45.632|2022-01-03 08:59:45.639||
Build Story|SQL - Prepare testing environment|DBAAS-7814|Fabian Ponce|Fabian Ponce|Medium|Done|Done|2021-12-15 15:50:28.647|2021-12-17 09:25:19.516|2021-12-22 00:00:00.000|DBAAS-5814|2021-12-17 09:25:19.511|2021-12-17 09:25:19.516||
Build Story|SQL. Modify Tables & Stored Procedures according to new advice|DBAAS-7802|Fabian Ponce|Fabian Ponce|Medium|Done|Done|2021-12-14 16:32:40.057|2021-12-17 09:25:12.302|2021-12-20 00:00:00.000|DBAAS-4462|2021-12-17 09:25:12.292|2021-12-17 09:25:12.302|DBAAS-7716|
Build Story|SQL. Adjust SPs to the final logic|DBAAS-7761|Fabian Ponce|Ricardo Martinez|Medium|Done|Done|2021-12-09 14:39:43.332|2021-12-09 16:56:32.813||DBAAS-5814|2021-12-09 16:56:32.808|2021-12-09 16:56:32.813||
Enabler Story|Create Recoverability Load & Delete Stored Procedures scripts.|DBAAS-7734|Fabian Ponce|Fabian Ponce|Medium|Done|Done|2021-12-07 18:12:01.515|2021-12-10 11:01:56.892|2021-12-14 00:00:00.000|DBAAS-4462|2021-12-10 11:01:56.884|2021-12-10 11:01:56.893||
Build Story|Create Recoverability PowerShell scripts for SQL Server instances|DBAAS-7733|Fabian Ponce|Fabian Ponce|Medium|Done|Done|2021-12-07 17:10:54.043|2021-12-10 11:02:35.816|2021-12-17 00:00:00.000|DBAAS-4462|2021-12-10 11:02:35.810|2021-12-10 11:02:35.817||
Enabler Story|"Creation ""RECOVERABILITY COLLECTION"" SQL Tables"|DBAAS-7716|Fabian Ponce|Fabian Ponce|Medium|Done|Done|2021-12-06 17:47:08.759|2021-12-14 16:45:43.820|2021-12-13 00:00:00.000|DBAAS-4462|2021-12-08 09:35:34.383|2021-12-08 09:35:34.391|DBAAS-7802|
Enabler Story|TASK000005721985 - The connectivity is showing True but this instance is not available in Compliance report|DBAAS-7696|Fabian Ponce|Fabian Ponce|Medium|Done|Done|2021-12-02 09:15:25.754|2021-12-02 11:18:42.180|2021-12-16 00:00:00.000||2021-12-02 11:11:11.405|2021-12-02 11:11:11.413||
Enabler Story|SQL. Test validation for flag option.|DBAAS-7679|Fabian Ponce|Fabian Ponce|Medium|Done|Done|2021-11-30 17:05:41.151|2021-12-02 11:09:16.840|2021-12-14 00:00:00.000|DBAAS-5814|2021-12-02 11:09:16.833|2021-12-02 11:09:16.840||
Enabler Story|Populate dummy LOAD, ERROR, ARCHIVE and DATABASE tables for the Account Collection POC|DBAAS-7665|Fabian Ponce|Fabian Ponce|Medium|Done|Done|2021-11-25 13:32:47.924|2021-11-26 10:18:49.822|2021-12-09 00:00:00.000|DBAAS-4462|2021-11-26 10:18:49.815|2021-11-26 10:18:49.822|DBAAS-7438|
Enabler Story|Populate a dummy Account Collection table for the Account Collection POC|DBAAS-7664|Fabian Ponce|Fabian Ponce|Medium|Done|Done|2021-11-25 13:32:26.870|2021-11-26 10:18:39.564|2021-12-09 00:00:00.000|DBAAS-4462|2021-11-26 10:18:39.558|2021-11-26 10:18:39.564|DBAAS-7438|
Enabler Story|SQL. Modify Stored procedures related with the Flag process|DBAAS-7646|Fabian Ponce|Fabian Ponce|Medium|Done|Done|2021-11-22 10:06:03.844|2021-11-26 10:25:23.392|2021-12-06 00:00:00.000|DBAAS-5814|2021-11-26 10:25:23.384|2021-11-26 10:25:23.392||
Task|DBAAS-7584. Team support|DBAAS-7645|Fabian Ponce|Fabian Ponce|Medium|Done|Done|2021-11-22 09:54:35.779|2021-11-22 10:52:37.139|2021-12-06 00:00:00.000||2021-11-22 10:52:37.130|2021-11-22 10:52:37.140||
Enabler Story|Service-Now. TASK000005652210. Scila user password not working|DBAAS-7644|Fabian Ponce|Fabian Ponce|Medium|Done|Done|2021-11-22 09:40:54.644|2021-11-24 09:25:35.474|2021-12-06 00:00:00.000||2021-11-24 09:25:35.465|2021-11-24 09:25:35.474||
Task|Request SQL password reset for PROD environment|DBAAS-7489|Fabian Ponce|Miguel Martinez|Medium|Done|Done|2021-11-08 18:51:31.933|2021-11-09 10:54:40.948|||2021-11-09 10:54:15.439|2021-11-09 10:54:15.445||
Build Story|SQL. Update the SNOW integration SP for dynamic and fixed periods|DBAAS-7483|Fabian Ponce|Miguel Martinez|Medium|Done|Done|2021-11-08 17:21:11.683|2021-11-12 10:37:33.153||DBAAS-5814|2021-11-12 10:36:53.605|2021-11-12 10:36:53.612||
Build Story|SQL. Add columns in the Attestation table for dynamic and fixed periods|DBAAS-7481|Fabian Ponce|Miguel Martinez|Medium|Done|Done|2021-11-08 17:19:22.832|2021-11-24 09:27:59.593|2021-11-16 00:00:00.000|DBAAS-5814|2021-11-12 10:52:03.557|2021-11-12 10:52:03.566||
Enabler Story|Familiarize with Power Shell Account Collection scripts|DBAAS-7438|Fabian Ponce|Julio Alcala|Medium|Done|Done|2021-11-05 11:45:33.172|2021-11-25 13:38:08.468|2021-11-19 00:00:00.000|DBAAS-4462|2021-11-25 13:38:08.462|2021-11-25 13:38:08.468|DBAAS-7664;DBAAS-7665|
Enabler Story|Re-create the Attestation app database objects in the new databse SYNATT schema|DBAAS-7379|Fabian Ponce|Miguel Martinez|Medium|Done|Done|2021-10-28 18:06:09.060|2021-11-01 19:03:19.313|2021-11-05 00:00:00.000|DBAAS-5814|2021-11-01 19:02:43.793|2021-11-01 19:02:43.802|DBAAS-7376;DBAAS-7377;DBAAS-7378|
Enabler Story|SQL. Modify the SP that send data to P-Automate for email notifications.|DBAAS-7331|Fabian Ponce|Ricardo Martinez|Medium|Done|Done|2021-10-25 12:28:45.213|2021-10-27 21:18:25.395||DBAAS-5814|2021-10-27 21:15:12.709|2021-10-27 21:15:12.715|DBAAS-7330|
Enabler Story|SQL. Create a SP to insert/update the new combobox Rationale option in the Attestation web app|DBAAS-7319|Fabian Ponce|Fabian Ponce|Medium|Done|Done|2021-10-22 11:05:27.990|2021-10-27 09:20:34.541||DBAAS-5814|2021-10-27 09:20:11.661|2021-10-27 09:20:11.669|DBAAS-7316|
Enabler Story|SQL. Modify batch update SP to send the required columns to the Log Table|DBAAS-7203|Fabian Ponce|Ricardo Martinez|Medium|Done|Done|2021-10-19 11:37:24.419|2021-10-22 10:37:48.171||DBAAS-5814|2021-10-22 10:37:31.127|2021-10-22 10:37:31.132|DBAAS-7204;DBAAS-7202|
Enabler Story|SQL. Create Log Table with the required columns|DBAAS-7202|Fabian Ponce|Ricardo Martinez|Medium|Done|Done|2021-10-19 11:36:17.252|2021-10-21 12:48:46.220||DBAAS-5814|2021-10-21 12:48:29.351|2021-10-21 12:48:29.355|DBAAS-7203|
Enabler Story|SQL. Create daily SP that refreshes the data to the Attestation Table|DBAAS-7201|Fabian Ponce|Ricardo Martinez|Medium|Done|Done|2021-10-19 11:25:11.516|2021-10-21 09:24:05.994||DBAAS-5814|2021-10-21 09:23:43.727|2021-10-21 09:23:43.731||
Enhancement|Enhance DBaaS Database Assets Power BI report to display the Cloud Provider version|DBAAS-7172|Fabian Ponce|Pooja Chanana|Medium|Done|Done|2021-10-14 14:21:02.266|2021-12-05 14:12:56.036|2021-11-26 00:00:00.000||2021-11-26 10:24:09.268|2021-11-26 10:24:09.276|DBAAS-7442;DBAAS-7124|
Enabler Story|SQL. Redesign database structure|DBAAS-7120|Fabian Ponce|Fabian Ponce|Medium|Done|Done|2021-10-12 09:20:18.584|2021-10-14 16:36:13.633||DBAAS-5814|2021-10-14 16:35:46.835|2021-10-14 16:35:46.838||
Enabler Story|SQL. Modify e-Mail SP Notification|DBAAS-7048|Fabian Ponce|Fabian Ponce|Medium|Done|Done|2021-09-28 09:39:18.145|2021-10-12 09:26:31.526||DBAAS-5814|2021-09-28 17:09:32.959|2021-09-28 17:09:32.962||
Enabler Story|SQL. Adapt SP that feeds P-AUTOMATE|DBAAS-7037|Fabian Ponce|Ricardo Martinez|Medium|Done|Done|2021-09-27 10:43:25.536|2021-09-29 12:50:55.082||DBAAS-5814|2021-09-29 12:50:55.079|2021-09-29 12:50:55.083||
Enabler Story|SQL. SP to send log of email notifications|DBAAS-7017|Fabian Ponce|Ricardo Martinez|Medium|Done|Done|2021-09-23 12:34:42.390|2021-10-27 09:40:05.026||DBAAS-5814|2021-10-27 09:39:50.111|2021-10-27 09:39:50.123|DBAAS-7330|
Enabler Story|SQL. Change Attestation table and Massive Update SP for comments instead of review|DBAAS-6951|Fabian Ponce|Ricardo Martinez|Medium|Done|Done|2021-09-20 12:48:27.926|2021-09-28 17:10:44.469||DBAAS-5814|2021-09-22 09:23:29.343|2021-09-22 09:23:29.347||
Enabler Story|SQL. Change messages table to work for Comments instead of Chat|DBAAS-6949|Fabian Ponce|Ricardo Martinez|Medium|Done|Done|2021-09-20 12:20:20.144|2021-09-28 17:10:55.330||DBAAS-5814|2021-09-23 09:10:07.019|2021-09-23 09:10:07.024||
Subtask|"SQL. ""SP/VIEW"". To display data to ""PBI/PAPPS"" by ""[IT Service Owner]"" OR ""[Portfolio Owner]"" AND Dt_Diff_Att >=76 â€¦ Not for DBaaS Team Member"|DBAAS-6535|Fabian Ponce|Fabian Ponce|Medium|Done|Done|2021-08-30 11:01:45.987|2021-09-10 10:42:03.085||DBAAS-6513|2021-09-10 10:42:03.081|2021-09-10 10:42:03.085|DBAAS-6536;DBAAS-6534|
Subtask|"SQL. Create table ""DBASS_ACCOUNT_ATTESTATION_LOG"" for tracking status"|DBAAS-6534|Fabian Ponce|Fabian Ponce|Medium|Done|Done|2021-08-30 10:53:27.670|2021-09-17 09:38:05.962||DBAAS-6513|2021-09-17 09:38:05.956|2021-09-17 09:38:05.962|DBAAS-6535;DBAAS-6533|
Subtask|SQL. Extract data from SP to populate work tables.|DBAAS-6533|Fabian Ponce|Fabian Ponce|Medium|Done|Done|2021-08-30 10:43:48.166|2021-09-13 13:04:05.932||DBAAS-6513|2021-09-13 13:04:05.927|2021-09-13 13:04:05.932|DBAAS-6534|
Enabler Story|Notification. e-mail 14 days prior to 90 days|DBAAS-6517|Fabian Ponce|Fabian Ponce|Medium|Done|Done|2021-08-26 12:48:18.145|2021-09-28 17:10:49.170||DBAAS-5814|2021-09-20 13:41:41.143|2021-09-20 13:41:41.149||
Enabler Story|Attest - List all database instances with more than 76 days since last attestation with options to attest. PAPPS|DBAAS-6513|Fabian Ponce|Fabian Ponce|Medium|Done|Done|2021-08-26 12:47:37.381|2021-09-28 17:10:52.759||DBAAS-5814|2021-09-20 09:11:24.996|2021-09-20 09:11:25.001|DBAAS-6514;DBAAS-6537|
Subtask|Correct right hand table (Determines Unit Pricing / Cost Per Database Instance By Month/Year) in Managed DBaaS Product Rate Card|DBAAS-6488|Fabian Ponce|Ricardo Martinez|Medium|Done|Done|2021-08-20 12:59:55.899|2021-08-24 15:23:23.481||DBAAS-6470|2021-08-24 15:23:23.476|2021-08-24 15:23:23.482||
Subtask|"Correct ""Annual Budget Unit Rate by Service"" grid in Managed DBaaS Product Rate Card"|DBAAS-6487|Fabian Ponce|Ricardo Martinez|Medium|Done|Done|2021-08-20 12:55:38.938|2021-08-26 10:04:41.485||DBAAS-6470|2021-08-26 10:04:41.479|2021-08-26 10:04:41.485||
Subtask|Check and correct Managed DBaaS Financial Recovery Analyzer|DBAAS-6473|Fabian Ponce|Ricardo Martinez|Medium|Done|Done|2021-08-17 09:47:43.795|2021-08-20 09:15:31.706||DBAAS-6469|2021-08-20 09:15:31.701|2021-08-20 09:15:31.706||
Enabler Story|Prototype attestation web app hosted in Microsoft PowerApps |DBAAS-6292|Fabian Ponce|Derek Daigrepont|Medium|Done|Done|2021-07-27 16:56:36.088|2021-08-27 09:57:58.012||DBAAS-5814|2021-08-27 09:57:58.008|2021-08-27 09:57:58.012|DBAAS-6289|
Enabler Story|Research capabilities of hosting attestation web app via Microsoft PowerApps|DBAAS-6289|Fabian Ponce|Derek Daigrepont|Medium|Done|Done|2021-07-27 16:55:56.627|2021-08-09 09:47:37.615||DBAAS-5814|2021-08-09 09:47:37.612|2021-08-09 09:47:37.616|DBAAS-6292|
Subtask|Install Slack Client|DBAAS-6024|Fabian Ponce|Derek Daigrepont|Medium|Done|Done|2021-07-06 11:25:21.675|2021-07-12 11:30:23.189||DBAAS-6004|2021-07-12 11:30:23.176|2021-07-12 11:30:23.189||
Subtask|Update GAL and Profile Information|DBAAS-6023|Fabian Ponce|Derek Daigrepont|Medium|Done|Done|2021-07-06 11:25:21.093|2021-07-12 11:33:41.978||DBAAS-6004|2021-07-12 11:33:39.730|2021-07-12 11:33:39.733||
Subtask|Install the Zscaler tool|DBAAS-6010|Fabian Ponce|Derek Daigrepont|Medium|Done|Done|2021-07-06 11:25:14.302|2021-07-12 11:34:37.554||DBAAS-6004|2021-07-12 11:34:37.550|2021-07-12 11:34:37.554||
Subtask|Install tools on developer workstation|DBAAS-6009|Fabian Ponce|Derek Daigrepont|Medium|Done|Done|2021-07-06 11:25:13.766|2021-07-15 16:23:14.135||DBAAS-6004|2021-07-15 16:23:14.131|2021-07-15 16:23:14.135||
Subtask|Request cloud platform server admin account|DBAAS-6008|Fabian Ponce|Derek Daigrepont|Medium|Done|Done|2021-07-06 11:25:13.257|2021-07-15 16:29:45.042||DBAAS-6004|2021-07-15 16:29:45.039|2021-07-15 16:29:45.043||
Subtask|Review and understand important DBaaS documentation (policies, procedures, user guides, etc.)|DBAAS-6007|Fabian Ponce|Derek Daigrepont|Medium|Done|Done|2021-07-06 11:25:12.651|2021-07-15 16:46:00.109||DBAAS-6004|2021-07-15 16:46:00.106|2021-07-15 16:46:00.110||
Enhancement|Enhance Invalid Asset Configuration Report Stored Procedure to discover mismatched lifecycle components|DBAAS-5593|Fabian Ponce|Erik Solis|Medium|Done|Done|2021-05-24 17:35:52.365|2022-03-17 16:56:54.048|||2022-03-17 11:36:41.483|2022-03-17 11:36:41.490|DBAAS-8669;DBAAS-8494|
Build Story|Tracking: Enhance the SQL Server System Optimization query for the database instance details.|DBAAS-8607|Julio Alcala|Miguel Martinez|Medium|Ready for Analysis||2022-03-09 15:48:01.352|2022-03-11 11:39:14.081||DBAAS-7946||2022-03-09 15:48:01.913|DBAAS-8368|
Enabler Story|Research how to apply rules to forms in SNOW|DBAAS-8387|Julio Alcala|Ricardo Martinez|Medium|Done|Done|2022-02-21 18:28:53.883|2022-03-01 16:02:39.897||DBAAS-7839|2022-03-01 16:02:39.890|2022-03-01 16:02:39.898||
Feature|Build the System Optimization Data Collection for AWS RDS MySQL Database Instances|DBAAS-8184|Julio Alcala|Pooja Chanana|Medium|Ready for Analysis||2022-02-03 16:44:38.968|2022-02-03 16:45:56.123||||2022-02-03 16:44:39.236||
Feature|Build the System Optimization Data Collection for AWS RDS PostgreSQL Database Instances|DBAAS-8182|Julio Alcala|Pooja Chanana|Medium|Ready for Analysis||2022-02-03 16:37:49.874|2022-02-03 16:39:32.422||||2022-02-03 16:37:50.158||
Enabler Story|Research Jira automation for creating tasks|DBAAS-8168|Julio Alcala|Ricardo Martinez|Medium|Done|Done|2022-02-02 13:25:25.925|2022-02-23 17:08:33.401||DBAAS-7839|2022-02-23 17:08:29.154|2022-02-23 17:08:29.164||
Build Story|Tracking: Develop MySQL System Optimization collection query for database instance details|DBAAS-8122|Julio Alcala|Miguel Martinez|Medium|Ready for Analysis||2022-02-01 11:26:10.639|2022-02-03 16:46:13.886||DBAAS-8184||2022-02-01 11:26:10.944||
Build Story|Tracking: Develop PostreSQL System Optimization collection query for database instance details|DBAAS-8121|Julio Alcala|Miguel Martinez|Medium|Ready for Analysis||2022-02-01 11:25:47.116|2022-02-03 16:40:05.087||DBAAS-8182||2022-02-01 11:25:47.390||
Build Story|Tracking: Develop Oracle System Optimization collection query for database instance details|DBAAS-8120|Julio Alcala|Miguel Martinez|Medium|Ready for Analysis||2022-02-01 11:24:32.609|2022-02-03 16:35:11.557||DBAAS-8180||2022-02-01 11:24:33.078||
Build Story|Tracking: Develop SQL Server System Optimization collection query for database instance details |DBAAS-8119|Julio Alcala|Miguel Martinez|Medium|Done|Done|2022-02-01 11:15:41.480|2022-03-11 11:39:08.298||DBAAS-7946|2022-03-11 11:39:08.289|2022-03-11 11:39:08.298||
Enabler Story|Research All DBaaS Power BI Reports that requires updates for the Application Deployment Tagging|DBAAS-7937|Julio Alcala|Pooja Chanana|Medium|Ready for Analysis||2022-01-10 14:24:57.070|2022-01-28 12:46:10.138||DBAAS-7879||2022-01-10 14:24:57.637||
Enabler Story|Conceptualize Design for DBAAS-7879|DBAAS-7880|Julio Alcala|Automation for Jira|Medium|Ready for Design||2022-01-05 09:55:55.916|2022-01-07 11:40:10.094||DBAAS-7879||2022-01-05 09:55:57.728||
Feature|Update DBaaS Power BI reports to support the updated Cloud Cost Consumption Tagging |DBAAS-7879|Julio Alcala|Pooja Chanana|Medium|Blocked||2022-01-05 09:55:53.852|2022-01-10 14:24:22.413|2022-03-11 00:00:00.000|||2022-01-05 20:42:50.749|DBAAS-6281|
Feature|DBaaS Database Account Attestation Application - Phase 2|DBAAS-7766|Julio Alcala|Pooja Chanana|Medium|Ready for Analysis||2021-12-10 12:39:33.874|2021-12-10 14:00:26.236||||2021-12-10 12:39:34.081||
Enabler Story|Conceptualize Design for DBAAS-7334|DBAAS-7335|Julio Alcala|Automation for Jira|Medium|Ready for Design||2021-10-25 17:32:22.864|2022-03-11 11:37:13.242||DBAAS-7334||2021-10-25 17:32:24.220||
Feature|Develop Power BI Report to display Pending Maintenance on AWS RDS Database Instances|DBAAS-7334|Julio Alcala|Pooja Chanana|Medium|Blocked||2021-10-25 17:32:20.866|2022-01-10 14:19:50.710|2022-03-11 00:00:00.000|||2022-01-05 16:09:17.739|DBAAS-2515;DBAAS-7844;DBAAS-7214|
Enabler Story|Evaluate the need of UAT Environment|DBAAS-7199|Julio Alcala|Julio Alcala|Medium|Done|Done|2021-10-19 10:10:44.543|2022-01-03 11:46:55.465||DBAAS-6735|2022-01-03 11:46:55.459|2022-01-03 11:46:55.465||
Enabler Story|Setup the security for each workspace|DBAAS-7197|Julio Alcala|Julio Alcala|Medium|Done|Done|2021-10-19 10:09:24.495|2021-12-12 23:22:50.127||DBAAS-6735|2021-12-12 23:22:50.121|2021-12-12 23:22:50.127||
Build Story|Setup the DEV & UAT Workspace from DBaaS Workspace in the Pipeline|DBAAS-7196|Julio Alcala|Julio Alcala|Medium|Done|Done|2021-10-19 10:09:09.895|2021-11-04 08:57:12.373|2021-11-05 00:00:00.000|DBAAS-6735|2021-11-04 08:57:12.367|2021-11-04 08:57:12.374||
Enabler Story|Conceptualize Design for DBAAS-6943|DBAAS-6944|Julio Alcala|Automation for Jira|Medium|Done|Done|2021-09-20 08:18:48.198|2021-10-22 09:29:21.185||DBAAS-6943|2021-10-22 09:29:21.181|2021-10-22 09:29:21.185||
Enabler Story|Conceptualize Design for DBAAS-6735|DBAAS-6736|Julio Alcala|Automation for Jira|Medium|Done|Done|2021-09-13 21:12:03.381|2021-10-21 15:45:22.680||DBAAS-6735|2021-10-21 15:45:22.675|2021-10-21 15:45:22.680||
Feature|Implement Procedures Incorporating PowerBI Pipeline in the CI/CD Process|DBAAS-6735|Julio Alcala|Pooja Chanana|Medium|Ready for Release||2021-09-13 21:12:01.303|2022-03-17 17:04:50.095|2021-12-17 00:00:00.000|||2022-03-17 17:04:50.095|DBAAS-7875|
Enabler Story|Define CI/CD Pipeline Procedure for Power BI Dataset Changes|DBAAS-6734|Julio Alcala|Pooja Chanana|Medium|Done|Done|2021-09-13 21:09:03.136|2021-11-10 09:22:37.951||DBAAS-6735|2021-11-10 09:22:37.937|2021-11-10 09:22:37.951|DBAAS-7198|
Subtask|Install Slack Client|DBAAS-6369|Julio Alcala|Derek Daigrepont|Medium|Done|Done|2021-08-05 08:57:05.580|2021-09-02 14:46:19.905||DBAAS-6349|2021-09-02 14:46:19.901|2021-09-02 14:46:19.905||
Subtask|Update GAL and Profile Information|DBAAS-6368|Julio Alcala|Derek Daigrepont|Medium|Done|Done|2021-08-05 08:57:05.187|2021-09-02 14:41:22.668||DBAAS-6349|2021-09-02 14:41:22.665|2021-09-02 14:41:22.669||
Subtask|Install the Zscaler tool|DBAAS-6355|Julio Alcala|Derek Daigrepont|Medium|Done|Done|2021-08-05 08:57:00.166|2021-08-12 09:09:13.155||DBAAS-6349|2021-08-12 09:09:13.149|2021-08-12 09:09:13.155||
Subtask|Install tools on developer workstation|DBAAS-6354|Julio Alcala|Derek Daigrepont|Medium|Done|Done|2021-08-05 08:56:59.743|2021-09-02 08:29:42.087||DBAAS-6349|2021-09-02 08:29:42.069|2021-09-02 08:29:42.087||
Subtask|Request cloud platform server admin account|DBAAS-6353|Julio Alcala|Derek Daigrepont|Medium|Done|Done|2021-08-05 08:56:59.251|2021-09-02 08:29:34.322||DBAAS-6349|2021-09-02 08:29:34.304|2021-09-02 08:29:34.322||
Subtask|Review and understand important DBaaS documentation (policies, procedures, user guides, etc.)|DBAAS-6352|Julio Alcala|Derek Daigrepont|Medium|Done|Done|2021-08-05 08:56:58.747|2021-08-18 12:48:49.373||DBAAS-6349|2021-08-18 12:48:49.367|2021-08-18 12:48:49.373||
Feature|G2 PowerBI Custom Connector for Reporting Against the DBaaS API|DBAAS-828|Julio Alcala|Derek Daigrepont|Medium|Ready for Analysis||2019-06-12 15:15:29.842|2021-12-17 11:08:52.829||||2019-12-06 17:36:22.817|DBAAS-526;DBAAS-773|
Bug|"TASK000006307268 - DBaaS Database Assets - Operating region is ""Unknow"""|DBAAS-8723|Miguel Martinez|Fabian Ponce|Medium|Ready for Analysis||2022-03-23 10:34:16.738|2022-03-23 10:36:58.871||||2022-03-23 10:34:17.122||
Task|Implement PowerShell scripts for the Recoverability Collection report|DBAAS-8686|Miguel Martinez|Miguel Martinez|Medium|in Build||2022-03-18 11:58:35.949|2022-03-22 17:24:59.475||DBAAS-6943||2022-03-18 19:04:01.758||
Task|Implement database objects for the Recoverability Collection report|DBAAS-8685|Miguel Martinez|Miguel Martinez|Medium|In Technical Testing||2022-03-18 11:58:11.675|2022-03-22 17:25:06.919||DBAAS-6943||2022-03-18 18:47:07.122||
Build Story|Enhance the RPT_LICENSED_COMPONENTS stored procedure to fix inconsistencies with the detailed and summarized views|DBAAS-8643|Miguel Martinez|Miguel Martinez|Medium|Done|Done|2022-03-14 18:59:04.540|2022-03-22 14:27:28.973||DBAAS-8459|2022-03-22 14:25:44.825|2022-03-22 14:25:44.835|DBAAS-8264|
Enabler Story|Research how to add the Software Product family into the Power BI report|DBAAS-8619|Miguel Martinez|Miguel Martinez|Medium|Done|Done|2022-03-10 12:35:34.280|2022-03-10 12:39:44.231||DBAAS-6943|2022-03-10 12:39:44.224|2022-03-10 12:39:44.231||
Build Story|Modify the RPT_COMMERCIAL_DATABASE_LICENSE_USAGE_DETAILS stored procedures to include the China for China pool|DBAAS-8543|Miguel Martinez|Miguel Martinez|Medium|Done|Done|2022-03-02 17:01:52.443|2022-03-22 17:13:49.253||DBAAS-8459|2022-03-22 17:13:48.978|2022-03-22 17:13:48.984|DBAAS-8264|
Build Story|Modify the RPT_LICENSED_COMPONENTS stored procedures to include all license pools|DBAAS-8527|Miguel Martinez|Miguel Martinez|Medium|Done|Done|2022-03-02 14:14:49.911|2022-03-18 13:06:44.061||DBAAS-8459|2022-03-11 11:04:06.069|2022-03-11 11:04:06.075|DBAAS-8264;DBAAS-8461;DBAAS-8264|
Build Story|Document the Missing parts of the DBaaS Database Instance Recoverability Report documentation|DBAAS-8525|Miguel Martinez|Eduardo Silva|Medium|Blocked||2022-03-02 13:35:44.454|2022-03-22 14:32:17.260||DBAAS-6943||2022-03-02 13:35:57.342|DBAAS-8573|
Task|Document the Database Recoverability Collection reporting page in Confluence|DBAAS-8500|Miguel Martinez|Miguel Martinez|Medium|Done|Done|2022-03-01 18:38:10.685|2022-03-10 10:24:29.575||DBAAS-6943|2022-03-10 10:24:29.566|2022-03-10 10:24:29.575|DBAAS-7333|
Enabler Story|Research how to add the disposed validation in the Invalid Asset Configuration report|DBAAS-8494|Miguel Martinez|Miguel Martinez|Medium|Done|Done|2022-02-28 19:09:27.282|2022-03-02 11:08:57.420|||2022-03-02 11:08:57.414|2022-03-02 11:08:57.420|DBAAS-5593|
Enabler Story|Research how to enable slicer cascading behavior when using dimensions|DBAAS-8493|Miguel Martinez|Miguel Martinez|Medium|Done|Done|2022-02-28 18:59:15.075|2022-03-01 16:16:56.898||DBAAS-5814|2022-03-01 16:16:56.892|2022-03-01 16:16:56.898||
Enabler Story|Conceptualize Design for DBAAS-8489|DBAAS-8490|Miguel Martinez|Automation for Jira|Medium|Ready for Analysis||2022-02-28 11:38:42.010|2022-03-11 11:13:55.078||DBAAS-8489||2022-03-11 11:13:38.694||
Feature|Build the Collection for Storage values for all Cloud implementations of DBaaS IaaS Database Instances|DBAAS-8489|Miguel Martinez|Miguel Martinez|Medium|Ready for Analysis||2022-02-28 11:38:39.704|2022-03-10 11:39:01.260|2022-03-30 00:00:00.000|||2022-02-28 11:38:40.168|DBAAS-8055|
Build Story|Develop the script to list all Oracle database instances in IaaS for the Storage Values collection|DBAAS-8488|Miguel Martinez|Miguel Martinez|Medium|Ready for Analysis||2022-02-28 11:28:44.394|2022-03-11 11:10:30.989||DBAAS-8489||2022-02-28 11:28:44.800||
Build Story|Develop the script to list all SQL Server database instances in IaaS for the Storage Values collection|DBAAS-8462|Miguel Martinez|Miguel Martinez|Medium|Ready for Analysis||2022-02-28 11:08:35.786|2022-03-11 11:10:25.480||DBAAS-8489||2022-02-28 11:08:36.301||
Task|Test the addition of the ENVIRONMENT column in the Attestation App|DBAAS-8451|Miguel Martinez|Miguel Martinez|Medium|Done|Done|2022-02-24 18:22:27.441|2022-02-25 12:41:47.153||DBAAS-8335|2022-02-25 12:41:47.146|2022-02-25 12:41:47.154||
Build Story|Develop the DBaaS IaaS Storage Values collection query for Oracle database instance details|DBAAS-8442|Miguel Martinez|Miguel Martinez|Medium|Ready for Analysis||2022-02-23 15:54:40.407|2022-03-11 11:11:04.281||DBAAS-8055||2022-02-23 15:54:40.942||
Task|Document the DBaaS IaaS Storage Values data model in Confluence|DBAAS-8439|Miguel Martinez|Miguel Martinez|Medium|Ready for Analysis||2022-02-23 15:46:14.179|2022-03-11 11:10:19.771||DBAAS-8489||2022-02-23 15:46:14.519||
Task|Make UAT testing with the DBaaS IaaS Storage Values data owner for data validation and integrity|DBAAS-8438|Miguel Martinez|Miguel Martinez|Medium|Ready for Analysis||2022-02-23 15:46:00.075|2022-03-11 11:10:14.045||DBAAS-8489||2022-02-23 15:46:00.465||
Build Story|Create the DBaaS IaaS Storage Values PowerShell scripts for Oracle instances|DBAAS-8436|Miguel Martinez|Miguel Martinez|Medium|Ready for Analysis||2022-02-23 15:45:00.543|2022-03-11 11:10:05.050||DBAAS-8489||2022-02-23 15:45:01.013||
Task|Document the lifecycle activity for the Recoverability data collection|DBAAS-8351|Miguel Martinez|Miguel Martinez|Medium|Done|Done|2022-02-16 19:01:05.890|2022-02-23 17:56:18.908||DBAAS-4462|2022-02-23 17:56:18.901|2022-02-23 17:56:18.909||
Build Story|Enhance Software licensing stored procedures to handle Multiple license pools|DBAAS-8264|Miguel Martinez|Susie Llinas|Medium|Done|Done|2022-02-14 09:35:11.693|2022-03-22 17:15:11.666||DBAAS-8459|2022-03-22 17:15:11.199|2022-03-22 17:15:11.208|DBAAS-8527;DBAAS-8543;DBAAS-8643;DBAAS-8248;DBAAS-8527;DBAAS-8345|
Task|Make a review of the SQL Server details query for the System Optimization collection|DBAAS-8239|Miguel Martinez|Miguel Martinez|Medium|Done|Done|2022-02-09 16:43:29.153|2022-03-08 16:09:14.380||DBAAS-7946|2022-03-08 16:09:14.126|2022-03-08 16:09:14.132||
Feature|Build the System Optimization Data Collection for DBaaS Iaas and PaaS Oracle Database Instances|DBAAS-8180|Miguel Martinez|Pooja Chanana|Medium|Ready for Analysis||2022-02-03 16:33:12.867|2022-03-11 11:40:50.345||||2022-03-11 11:40:50.345||
Task|Document System Optimization data model in Confluence|DBAAS-8133|Miguel Martinez|Miguel Martinez|Medium|Ready for Analysis||2022-02-01 13:01:50.880|2022-02-23 16:09:31.568||DBAAS-7946||2022-02-01 13:01:51.347||
Task|Make UAT testing with the System Optimization data owner for data validation and integrity|DBAAS-8132|Miguel Martinez|Miguel Martinez|Medium|Ready for Analysis||2022-02-01 12:31:00.680|2022-02-02 17:54:57.574||DBAAS-7946||2022-02-01 12:31:01.234||
Build Story|Create System Optimization PowerShell scripts for PostgreSQL instances|DBAAS-8129|Miguel Martinez|Miguel Martinez|Medium|Ready for Analysis||2022-02-01 12:09:00.302|2022-02-04 13:25:45.636||DBAAS-8182||2022-02-01 12:09:00.578||
Build Story|Create System Optimization PowerShell scripts for SQL Server instances|DBAAS-8126|Miguel Martinez|Miguel Martinez|Medium|Ready for Analysis||2022-02-01 11:58:54.294|2022-02-09 17:30:23.620||DBAAS-7946||2022-02-09 17:27:45.897||
Enabler Story|Research the criteria to list all System Optimization database instances list for IaaS and PaaS SQL Server|DBAAS-8124|Miguel Martinez|Miguel Martinez|Medium|Done|Done|2022-02-01 11:41:02.082|2022-02-09 12:21:52.569||DBAAS-7946|2022-02-09 12:21:52.559|2022-02-09 12:21:52.570||
Enabler Story|Design Data Model for the System Optimization Reporting|DBAAS-8123|Miguel Martinez|Miguel Martinez|Medium|Done|Done|2022-02-01 11:33:42.795|2022-03-09 17:48:25.086||DBAAS-7946|2022-03-09 15:59:57.239|2022-03-09 15:59:57.249|DBAAS-8368|
Task|Change the Recoverability Collection documentation in Confluence as per last agreements|DBAAS-8110|Miguel Martinez|Miguel Martinez|Medium|Done|Done|2022-01-27 16:08:45.219|2022-02-04 13:24:38.887||DBAAS-4462|2022-02-04 13:24:38.881|2022-02-04 13:24:38.887||
Build Story|Modify the Recoverability PowerShell script names to match with the Account Collection|DBAAS-8081|Miguel Martinez|Miguel Martinez|Medium|Done|Done|2022-01-24 13:51:50.634|2022-01-27 18:09:08.263||DBAAS-4462|2022-01-27 18:09:08.255|2022-01-27 18:09:08.263||
Build Story|Modify two Recoverability database table names in PowerShell and SQL scripts to match the model in Account Collection|DBAAS-8079|Miguel Martinez|Miguel Martinez|Medium|Done|Done|2022-01-24 13:31:19.373|2022-01-28 12:46:55.725||DBAAS-4462|2022-01-28 12:46:55.718|2022-01-28 12:46:55.725||
Enabler Story|Design Data Model for the Database Instance Storage values|DBAAS-8057|Miguel Martinez|Pooja Chanana|Medium|Ready for Analysis||2022-01-20 13:04:53.549|2022-02-28 10:36:05.349||DBAAS-8055||2022-01-20 13:04:54.127||
Enabler Story|Conceptualize Design for DBAAS-8055|DBAAS-8056|Miguel Martinez|Automation for Jira|Medium|Done|Done|2022-01-20 12:29:01.799|2022-02-28 16:05:30.124||DBAAS-8055|2022-02-28 16:05:29.875|2022-02-28 16:05:29.881||
Feature|Design Collection for Storage values for all Cloud implementations of DBaaS IaaS Database Instances|DBAAS-8055|Miguel Martinez|Pooja Chanana|Medium|In Design||2022-01-20 12:28:59.801|2022-03-11 11:41:36.347||||2022-02-23 15:49:32.722|DBAAS-8489;DBAAS-7019|
Task|Make a Recoverability Collection test load reading from PROD and inserting into DEV|DBAAS-8020|Miguel Martinez|Miguel Martinez|Medium|Done|Done|2022-01-17 10:36:46.253|2022-01-24 18:19:25.859||DBAAS-4462|2022-01-24 18:19:25.853|2022-01-24 18:19:25.859||
Task|Document Recoverability Collection data model in Confluence|DBAAS-7959|Miguel Martinez|Miguel Martinez|Medium|Done|Done|2022-01-12 13:38:55.448|2022-02-01 13:05:02.629||DBAAS-4462|2022-01-19 10:50:12.993|2022-01-19 10:50:13.001|DBAAS-6220|
Build Story|Implement recoverability scripts for MySQL and Maria instances in PowerShell|DBAAS-7958|Miguel Martinez|Miguel Martinez|Medium|Done|Done|2022-01-12 13:29:25.851|2022-01-17 10:53:07.326||DBAAS-4462|2022-01-17 10:53:07.319|2022-01-17 10:53:07.326||
Enabler Story|Conceptualize Design for the System Optimization Data Collection|DBAAS-7947|Miguel Martinez|Automation for Jira|Medium|Done|Done|2022-01-12 09:49:51.962|2022-02-02 18:00:24.452||DBAAS-7946|2022-02-02 17:58:40.284|2022-02-02 17:58:40.291||
Feature|Build the System Optimization Data Collection for DBaaS Iaas and PaaS SQL Server Database Instances|DBAAS-7946|Miguel Martinez|Derek Daigrepont|Medium|Blocked||2022-01-12 09:49:49.927|2022-03-11 11:42:01.447|2022-03-11 00:00:00.000|||2022-02-01 13:33:28.139||
Feature|Build Collection for Pending Maintenance activities on AWS RDS Database Instances|DBAAS-7844|Miguel Martinez|Pooja Chanana|Medium|Ready for Analysis||2021-12-24 12:15:37.188|2022-01-07 11:47:14.079||||2021-12-24 12:15:37.515|DBAAS-7334|
Build Story|Implement recoverability scripts for Oracle instances in PowerShell|DBAAS-7816|Miguel Martinez|Miguel Martinez|Medium|Done|Done|2021-12-15 17:22:55.685|2022-01-07 11:20:45.615||DBAAS-4462|2022-01-07 11:20:45.609|2022-01-07 11:20:45.615||
Build Story|Fix some issues in the Attestation app in Power Apps for UAT testing preparation|DBAAS-7815|Miguel Martinez|Miguel Martinez|Medium|Done|Done|2021-12-15 16:39:53.224|2021-12-15 17:09:06.133||DBAAS-5814|2021-12-15 17:09:06.127|2021-12-15 17:09:06.134||
Build Story|Change the Recoverability Collection PowerShell scripts for the data model|DBAAS-7803|Miguel Martinez|Miguel Martinez|Medium|Done|Done|2021-12-14 16:59:47.972|2021-12-15 17:28:06.517||DBAAS-4462|2021-12-15 17:28:06.512|2021-12-15 17:28:06.518||
Build Story|PAPPS. Make the checkbox always visible|DBAAS-7762|Miguel Martinez|Ricardo Martinez|Medium|Done|Done|2021-12-09 16:26:25.133|2021-12-09 17:23:49.552||DBAAS-5814|2021-12-09 17:23:49.547|2021-12-09 17:23:49.553||
Build Story|PAPPS. Sort all results by nearest to expire|DBAAS-7760|Miguel Martinez|Ricardo Martinez|Medium|Done|Done|2021-12-09 14:38:40.384|2021-12-09 17:23:52.515||DBAAS-5814|2021-12-09 17:23:52.507|2021-12-09 17:23:52.515||
Build Story|"PAPPS. Add a label to the ""Rationale"" drop down list"|DBAAS-7759|Miguel Martinez|Ricardo Martinez|Medium|Done|Done|2021-12-09 14:38:07.928|2021-12-09 17:23:54.392||DBAAS-5814|2021-12-09 17:23:54.385|2021-12-09 17:23:54.392||
Task|TASK000005760351|DBAAS-7756|Miguel Martinez|Miguel Martinez|Medium|Done|Done|2021-12-09 11:14:26.600|2021-12-10 12:26:07.714|||2021-12-10 12:26:07.708|2021-12-10 12:26:07.714||
Build Story|Create Recoverability PowerShell scripts for SQL Server instances|DBAAS-7732|Miguel Martinez|Miguel Martinez|Medium|Done|Done|2021-12-07 16:55:39.441|2022-02-01 12:04:23.920|2021-12-17 00:00:00.000|DBAAS-4462|2021-12-15 17:09:19.130|2021-12-15 17:09:19.138||
Build Story|Change popup messages for flagging actions|DBAAS-7731|Miguel Martinez|Miguel Martinez|Medium|Done|Done|2021-12-07 16:43:55.091|2021-12-07 16:53:54.956||DBAAS-5814|2021-12-07 16:53:53.175|2021-12-07 16:53:53.182||
Build Story|Create objects for the Recoverability collection model|DBAAS-7717|Miguel Martinez|Miguel Martinez|Medium|Done|Done|2021-12-06 17:54:44.558|2022-02-01 11:51:57.552||DBAAS-4462|2021-12-07 17:09:57.909|2021-12-07 17:09:57.917||
Build Story|Implement popup message when performing an attestation in Power Apps|DBAAS-7693|Miguel Martinez|Miguel Martinez|Medium|Done|Done|2021-12-01 18:38:51.242|2021-12-06 10:18:16.109|2021-12-03 00:00:00.000|DBAAS-5814|2021-12-06 10:18:16.099|2021-12-06 10:18:16.109||
Build Story|Change flagging functionality in Power Apps|DBAAS-7672|Miguel Martinez|Miguel Martinez|Medium|Done|Done|2021-11-29 17:48:51.390|2021-12-01 18:43:48.574||DBAAS-5814|2021-12-01 18:43:48.564|2021-12-01 18:43:48.574||
Build Story|Populate dummy LOAD, ERROR, ARCHIVE and DATABASE tables for the Account Collection POC|DBAAS-7508|Miguel Martinez|Miguel Martinez|Medium|Done|Done|2021-11-11 13:36:55.677|2021-11-26 10:29:18.814||DBAAS-4462|2021-11-26 10:29:18.807|2021-11-26 10:29:18.814|DBAAS-7434|
Build Story|Populate a dummy Account Collection table for the Account Collection POC|DBAAS-7507|Miguel Martinez|Miguel Martinez|Medium|Done|Done|2021-11-11 13:19:42.530|2021-11-26 10:29:24.995||DBAAS-4462|2021-11-26 10:29:24.988|2021-11-26 10:29:24.995|DBAAS-7434|
Enabler Story|SQL. Update the Attestation escalation SP for dynamic and fixed periods|DBAAS-7488|Miguel Martinez|Miguel Martinez|Medium|Done|Done|2021-11-08 18:49:51.657|2021-12-09 16:57:35.028||DBAAS-5814|2021-12-09 16:57:35.021|2021-12-09 16:57:35.028||
Build Story|SQL. Update the Catalogs table with the provided rationale list|DBAAS-7487|Miguel Martinez|Miguel Martinez|Medium|Done|Done|2021-11-08 17:26:49.350|2021-11-09 18:10:21.840||DBAAS-5814|2021-11-09 18:10:21.832|2021-11-09 18:10:21.840||
Build Story|SQL. Update the Batch Update SP for dynamic and fixed periods|DBAAS-7482|Miguel Martinez|Miguel Martinez|Medium|Done|Done|2021-11-08 17:19:53.074|2021-11-11 17:51:31.009||DBAAS-5814|2021-11-11 17:51:31.004|2021-11-11 17:51:31.009||
Enabler Story|Familiarize with Power Shell Account Collection scripts|DBAAS-7434|Miguel Martinez|Julio Alcala|Medium|Done|Done|2021-11-05 11:01:09.287|2021-11-19 12:14:07.190|2021-11-19 00:00:00.000|DBAAS-4462|2021-11-19 12:14:07.180|2021-11-19 12:14:07.190|DBAAS-7507;DBAAS-7508|
Build Story|PAPPS. Change the flagging functionality for unattested accounts only|DBAAS-7426|Miguel Martinez|Miguel Martinez|Medium|Done|Done|2021-11-04 14:52:49.948|2021-11-05 11:39:28.237|2021-11-05 00:00:00.000|DBAAS-5814|2021-11-05 11:39:28.229|2021-11-05 11:39:28.237||
Framework|Request a new Power Apps production environment for the Enabling Solution Squad|DBAAS-7420|Miguel Martinez|Miguel Martinez|Medium|Done|Done|2021-11-03 17:04:36.256|2021-11-09 18:10:25.792||DBAAS-5814|2021-11-09 18:10:25.787|2021-11-09 18:10:25.792||
Enabler Story|Update disabled accounts status during data integration|DBAAS-7419|Miguel Martinez|Miguel Martinez|Medium|Done|Done|2021-11-03 17:03:41.920|2021-11-04 18:42:23.331||DBAAS-5814|2021-11-04 14:47:47.322|2021-11-04 14:47:47.330||
Build Story|Change the flagging status when an account is attested|DBAAS-7418|Miguel Martinez|Miguel Martinez|Medium|Done|Done|2021-11-03 17:00:37.965|2021-11-04 18:42:19.394||DBAAS-5814|2021-11-04 18:40:32.534|2021-11-04 18:40:32.542||
Enabler Story|Set up the Attestation app in Power Apps with the new DB SYNATT schema|DBAAS-7376|Miguel Martinez|Miguel Martinez|Medium|Done|Done|2021-10-28 18:03:48.094|2021-11-03 14:56:06.467|2021-11-05 00:00:00.000|DBAAS-5814|2021-11-01 19:40:01.395|2021-11-01 19:40:01.404|DBAAS-7378;DBAAS-7379|
Enabler Story|PAPPS. Modify the flow run so that it sends the required columns|DBAAS-7205|Miguel Martinez|Ricardo Martinez|Medium|Done|Done|2021-10-19 11:41:00.526|2021-10-25 12:23:24.271||DBAAS-5814|2021-10-25 12:22:40.638|2021-10-25 12:22:40.641|DBAAS-7207;DBAAS-7204|
Enhancement|Remove Portfolio Owner related columns from Power BI reports|DBAAS-7169|Miguel Martinez|Miguel Martinez|Medium|Done|Done|2021-10-14 10:40:01.651|2021-11-03 14:56:08.539|2021-10-29 00:00:00.000||2021-10-27 13:20:55.905|2021-10-27 13:20:55.912||
Enabler Story|PBI. Test direct query connection with joined tables.|DBAAS-7126|Miguel Martinez|Miguel Martinez|Medium|Done|Done|2021-10-12 14:06:08.350|2021-10-12 14:13:46.977||DBAAS-5814|2021-10-12 14:12:20.448|2021-10-12 14:12:20.457||
Enabler Story|Set up Attestation App with new database structure|DBAAS-7125|Miguel Martinez|Miguel Martinez|Medium|Done|Done|2021-10-12 13:53:43.887|2021-10-19 11:20:38.021||DBAAS-5814|2021-10-19 11:20:38.016|2021-10-19 11:20:38.021||
Enabler Story|PAPPS. Add error control for the bulk attestation flow|DBAAS-6964|Miguel Martinez|Ricardo Martinez|Medium|Done|Done|2021-09-20 13:58:49.799|2021-10-22 10:38:24.256||DBAAS-5814|2021-10-22 10:38:24.252|2021-10-22 10:38:24.256||
Enabler Story|PAPPS. Send Logs to logs table.|DBAAS-6962|Miguel Martinez|Ricardo Martinez|Medium|Done|Done|2021-09-20 13:57:50.008|2021-09-23 18:06:57.137||DBAAS-5814|2021-09-23 12:39:47.939|2021-09-23 12:39:47.945||
Enabler Story|PAPPS. Change Review Screen to work only as comments instead of Chat|DBAAS-6950|Miguel Martinez|Ricardo Martinez|Medium|Done|Done|2021-09-20 12:31:28.784|2021-09-22 10:44:50.932||DBAAS-5814|2021-09-22 10:44:50.927|2021-09-22 10:44:50.932||
Subtask|"SQL. ""SP/VIEW"". To display data to ""PBI/PAPPS"" by ""[IT Service Owner]"" OR ""[Portfolio Owner]"" AND Dt_Diff_Att < 20 â€¦ Not for DBaaS Team Member"|DBAAS-6537|Miguel Martinez|Fabian Ponce|Medium|Done|Done|2021-08-30 11:09:22.274|2021-09-20 09:38:27.053||DBAAS-6514|2021-09-20 09:38:27.048|2021-09-20 09:38:27.054|DBAAS-6538;DBAAS-6513|
Subtask|PAPPS. Use RLS to display the data for the logged user.|DBAAS-6536|Miguel Martinez|Fabian Ponce|Medium|Done|Done|2021-08-30 11:01:57.157|2021-09-20 09:23:55.418||DBAAS-6513|2021-09-20 09:23:55.413|2021-09-20 09:23:55.419|DBAAS-6535|
Subtask|Enroll individual device for InTune according to the BYOD terms|DBAAS-6465|Miguel Martinez|Derek Daigrepont|Medium|Done|Done|2021-08-14 11:03:03.104|2021-10-14 11:16:44.200||DBAAS-6440|2021-10-14 11:16:44.196|2021-10-14 11:16:44.200||
Subtask|Install Slack Client|DBAAS-6460|Miguel Martinez|Derek Daigrepont|Medium|Done|Done|2021-08-14 10:37:54.809|2021-09-02 12:26:18.100||DBAAS-6440|2021-09-02 12:26:18.096|2021-09-02 12:26:18.101||
Subtask|Update GAL and Profile Information|DBAAS-6459|Miguel Martinez|Derek Daigrepont|Medium|Done|Done|2021-08-14 10:37:54.209|2021-08-20 16:31:28.099||DBAAS-6440|2021-08-20 16:31:28.095|2021-08-20 16:31:28.100||
Subtask|Install the Zscaler tool|DBAAS-6446|Miguel Martinez|Derek Daigrepont|Medium|Done|Done|2021-08-14 10:37:46.954|2021-08-16 09:23:38.372||DBAAS-6440|2021-08-16 09:23:38.366|2021-08-16 09:23:38.372||
Subtask|Install tools on developer workstation|DBAAS-6445|Miguel Martinez|Derek Daigrepont|Medium|Done|Done|2021-08-14 10:37:46.366|2021-09-02 22:09:12.605||DBAAS-6440|2021-09-02 22:08:54.554|2021-09-02 22:08:54.559||
Subtask|Request cloud platform server admin account|DBAAS-6444|Miguel Martinez|Derek Daigrepont|Medium|Done|Done|2021-08-14 10:37:45.520|2021-10-20 16:00:41.098||DBAAS-6440|2021-10-20 16:00:41.092|2021-10-20 16:00:41.098||
Subtask|Review and understand important DBaaS documentation (policies, procedures, user guides, etc.)|DBAAS-6443|Miguel Martinez|Derek Daigrepont|Medium|Done|Done|2021-08-14 10:37:44.857|2021-10-14 12:09:20.261||DBAAS-6440|2021-10-14 12:09:20.256|2021-10-14 12:09:20.261||
Build Story|Develop SQL Server Database Instance Recoverability collection|DBAAS-6229|Miguel Martinez|Pooja Chanana|Medium|Done|Done|2021-07-20 15:17:02.853|2022-01-07 11:07:31.195||DBAAS-4462|2022-01-07 11:07:27.836|2022-01-07 11:07:27.843||
Build Story|Develop Azure SQLDB Database Instance Recoverability collection|DBAAS-6228|Miguel Martinez|Pooja Chanana|Medium|Done|Done|2021-07-20 15:09:10.382|2022-01-12 13:19:26.999||DBAAS-4462|2022-01-12 13:19:26.992|2022-01-12 13:19:27.000||
Build Story|Build the Collection process to load into the DBaaS Directory|DBAAS-6221|Miguel Martinez|Pooja Chanana|Medium|Done|Done|2021-07-20 10:40:01.222|2022-01-07 11:06:38.702||DBAAS-4462|2022-01-07 11:06:34.928|2022-01-07 11:06:34.935||
Enabler Story|Design Data Model for the Database Instance Recoverability Reporting|DBAAS-6220|Miguel Martinez|Pooja Chanana|Medium|Done|Done|2021-07-20 10:38:58.612|2022-02-01 11:35:25.115||DBAAS-4462|2022-01-05 16:03:59.805|2022-01-05 16:03:59.813|DBAAS-7959|
Build Story|Enhance Commercial Database License Utilization Report to reflect consolidation of duplicate reports|DBAAS-8707|Ricardo Martinez|Susie Llinas|Medium|Ready for Build||2022-03-22 07:00:01.074|2022-03-22 17:35:40.455||DBAAS-8459||2022-03-22 07:18:17.811||
Enhancement|Make Derek's proposed enhancement to the prototype|DBAAS-8675|Ricardo Martinez|Ricardo Martinez|Medium|Ready for Analysis||2022-03-17 14:36:34.854|2022-03-17 14:57:01.290||DBAAS-7839||2022-03-17 14:36:35.269|DBAAS-8400|
Task|Make a Confluence page for the SQL Server IaaS database instances storage values script|DBAAS-8674|Ricardo Martinez|Ricardo Martinez|Medium|in Build||2022-03-17 12:45:32.176|2022-03-22 17:22:03.158||DBAAS-8055||2022-03-22 12:09:31.986||
Task|Make a confluence page for Commercial Database License Utilization Summary Report|DBAAS-8664|Ricardo Martinez|Ricardo Martinez|Medium|Blocked||2022-03-15 17:35:31.387|2022-03-22 15:24:12.115||DBAAS-8459||2022-03-17 14:28:52.628||
Build Story|Enhance the Commercial Database License Utilization Summary Internal PBI report|DBAAS-8644|Ricardo Martinez|Miguel Martinez|Medium|Done|Done|2022-03-14 19:12:02.699|2022-03-15 13:02:31.019||DBAAS-8459|2022-03-15 13:02:31.013|2022-03-15 13:02:31.019||
Build Story|Develop Commercial Database License Utilization Summary Report|DBAAS-8639|Ricardo Martinez|Pooja Chanana|Medium|Done|Done|2022-03-14 14:43:44.299|2022-03-22 17:21:12.988||DBAAS-8459|2022-03-22 17:21:12.612|2022-03-22 17:21:12.620||
Build Story|Enhance Commercial Database Licensed reports to show SP changes including all licenses pools|DBAAS-8631|Ricardo Martinez|Ricardo Martinez|Medium|Done|Done|2022-03-11 14:21:30.790|2022-03-22 20:34:46.638||DBAAS-8459|2022-03-11 14:27:18.474|2022-03-11 14:27:18.480||
Enabler Story|Research for SQL Server IaaS database instances storage values|DBAAS-8630|Ricardo Martinez|Miguel Martinez|Medium|Done|Done|2022-03-11 12:39:44.389|2022-03-18 11:39:20.426||DBAAS-8055|2022-03-17 12:44:42.580|2022-03-17 12:44:42.588|DBAAS-8441|
Build Story|Enhance the Attestation Report|DBAAS-8609|Ricardo Martinez|Eduardo Silva|Medium|Done|Done|2022-03-09 16:39:10.651|2022-03-22 20:33:20.923||DBAAS-8335|2022-03-09 17:07:26.965|2022-03-09 17:07:26.971|DBAAS-8610|
Enabler Story|Make the Jira automation prototype|DBAAS-8569|Ricardo Martinez|Ricardo Martinez|Medium|Done|Done|2022-03-07 12:13:05.797|2022-03-10 16:47:36.865||DBAAS-7839|2022-03-10 16:42:33.491|2022-03-10 16:42:33.498||
Enabler Story|Make the Jira automation architecture|DBAAS-8568|Ricardo Martinez|Ricardo Martinez|Medium|Done|Done|2022-03-07 12:12:39.547|2022-03-09 12:52:22.341||DBAAS-7839|2022-03-09 12:52:22.334|2022-03-09 12:52:22.341||
Build Story|Enhance Commercial Database License Utilization Summary Report|DBAAS-8461|Ricardo Martinez|Pooja Chanana|Medium|Done|Done|2022-02-28 10:00:41.844|2022-03-18 13:44:30.018||DBAAS-8459|2022-03-18 13:44:30.010|2022-03-18 13:44:30.018|DBAAS-8527|
Build Story|Develop the DBaaS IaaS Storage Values collection query for SQL Server database instance details|DBAAS-8441|Ricardo Martinez|Miguel Martinez|Medium|In Functional Testing||2022-02-23 15:53:44.099|2022-03-18 13:48:38.394||DBAAS-8055||2022-03-18 13:40:02.403|DBAAS-8058;DBAAS-8630|
Enabler Story|Research the difference between Digital Citizen Plus and Pro|DBAAS-8431|Ricardo Martinez|Ricardo Martinez|Medium|Done|Done|2022-02-23 12:06:06.889|2022-03-01 16:06:05.490||DBAAS-7839|2022-03-01 16:06:05.482|2022-03-01 16:06:05.490||
Enabler Story|Research the JML form in myIT|DBAAS-8394|Ricardo Martinez|Ricardo Martinez|Medium|Done|Done|2022-02-22 09:56:07.175|2022-02-22 17:43:22.547||DBAAS-7839|2022-02-22 17:43:22.542|2022-02-22 17:43:22.547||
Enabler Story|Research how to access users table in SNOW|DBAAS-8390|Ricardo Martinez|Ricardo Martinez|Medium|Done|Done|2022-02-21 18:30:39.178|2022-03-07 12:11:28.564||DBAAS-7839|2022-03-07 12:11:28.559|2022-03-07 12:11:28.564||
Enabler Story|Research where to find existing forms in SNOW|DBAAS-8389|Ricardo Martinez|Ricardo Martinez|Medium|Done|Done|2022-02-21 18:30:10.815|2022-02-25 12:48:52.925||DBAAS-7839|2022-02-25 12:48:52.918|2022-02-25 12:48:52.925||
Enabler Story|Research how to use Jira's API with SNOW|DBAAS-8388|Ricardo Martinez|Ricardo Martinez|Medium|Done|Done|2022-02-21 18:29:48.648|2022-03-02 18:15:51.915||DBAAS-7839|2022-03-02 18:15:51.910|2022-03-02 18:15:51.915||
Enabler Story|Research how to embed forms into a single page in SNOW|DBAAS-8386|Ricardo Martinez|Ricardo Martinez|Medium|Done|Done|2022-02-21 18:28:30.402|2022-03-02 18:13:22.358||DBAAS-7839|2022-03-02 18:13:22.353|2022-03-02 18:13:22.358||
Enabler Story|Make a Jira tasks batch import with template to demonstrate the  benefits|DBAAS-8270|Ricardo Martinez|Ricardo Martinez|Medium|Done|Done|2022-02-14 13:13:35.978|2022-02-15 17:53:32.656||DBAAS-7839|2022-02-15 17:52:54.181|2022-02-15 17:52:54.188||
Enabler Story|Research ServiceNow capabilities with the Digital Citizen PRO programme for forms modifications|DBAAS-8257|Ricardo Martinez|Ricardo Martinez|Medium|Done|Done|2022-02-11 14:23:46.426|2022-03-15 09:29:34.350||DBAAS-7841|2022-02-21 10:39:55.251|2022-02-21 10:39:55.257|DBAAS-8647|
Enabler Story|Research AD API for SNOW for management automation|DBAAS-8138|Ricardo Martinez|Ricardo Martinez|Medium|Done|Done|2022-02-01 16:38:17.613|2022-03-07 12:15:10.139||DBAAS-7839|2022-03-07 12:13:38.859|2022-03-07 12:13:38.867||
Enabler Story|Research Power Automate SNOW Connector for forms automation|DBAAS-8137|Ricardo Martinez|Ricardo Martinez|Medium|Done|Done|2022-02-01 16:36:37.942|2022-02-18 12:21:45.226||DBAAS-7839|2022-02-18 12:21:45.221|2022-02-18 12:21:45.227||
Enabler Story|Research Power Automate Jira Connector for Jira Tasks creation|DBAAS-8136|Ricardo Martinez|Ricardo Martinez|Medium|Done|Done|2022-02-01 16:36:13.615|2022-02-09 11:35:26.121||DBAAS-7839|2022-02-09 11:35:26.112|2022-02-09 11:35:26.121||
Enabler Story|Implement the Atestation App in production|DBAAS-8118|Ricardo Martinez|Ricardo Martinez|Medium|Ready for Design||2022-02-01 10:06:05.948|2022-03-04 12:29:32.210||DBAAS-5814||2022-02-01 10:06:12.339||
Enabler Story|PAPPS. Find and modify existing errors|DBAAS-8108|Ricardo Martinez|Ricardo Martinez|Medium|Done|Done|2022-01-27 15:10:35.016|2022-01-27 17:45:26.654||DBAAS-5814|2022-01-27 15:10:43.430|2022-01-27 15:10:43.436||
Subtask|Implement the SP changes following the CI/CD pipeline through GIT|DBAAS-8104|Ricardo Martinez|Ricardo Martinez|Medium|In Design||2022-01-27 09:40:11.356|2022-01-27 09:42:47.905||DBAAS-7700||2022-01-27 09:42:47.905||
Enabler Story|Document FAQs and User Manual in Confluence|DBAAS-8089|Ricardo Martinez|Ricardo Martinez|Medium|Done|Done|2022-01-26 10:36:44.535|2022-01-27 17:55:29.352||DBAAS-5814|2022-01-27 17:55:29.342|2022-01-27 17:55:29.352||
Enabler Story|Design the Power BI Database Instance Storage values report|DBAAS-8058|Ricardo Martinez|Pooja Chanana|Medium|Blocked||2022-01-20 13:08:03.336|2022-03-18 13:48:38.457||DBAAS-8055||2022-03-09 16:27:11.292|DBAAS-8441|
Enabler Story|Research ServiceNow capabilities with the Digital Citizen programms for flow-automation|DBAAS-8043|Ricardo Martinez|Eduardo Silva|Medium|Done|Done|2022-01-19 16:36:22.120|2022-02-09 18:11:29.952||DBAAS-7839|2022-02-09 18:11:29.943|2022-02-09 18:11:29.953||
Enabler Story|Design a JML process analysis for prioritization plan|DBAAS-8041|Ricardo Martinez|Eduardo Silva|Medium|Done|Done|2022-01-19 16:27:48.704|2022-02-09 14:02:21.411||DBAAS-7839|2022-02-09 14:02:21.405|2022-02-09 14:02:21.411|DBAAS-8038;DBAAS-8039;DBAAS-8040|
Enabler Story|Research the specifications for mover processes for priority planning  |DBAAS-8040|Ricardo Martinez|Eduardo Silva|Medium|Done|Done|2022-01-19 16:24:04.759|2022-01-21 17:42:24.873||DBAAS-7839|2022-01-21 17:42:24.858|2022-01-21 17:42:24.873|DBAAS-8041|
Enabler Story|Research the specifications for joiner processes for priority planning  |DBAAS-8038|Ricardo Martinez|Eduardo Silva|Medium|Done|Done|2022-01-19 16:23:31.921|2022-01-21 17:42:29.524||DBAAS-7839|2022-01-21 17:42:29.519|2022-01-21 17:42:29.524|DBAAS-8041|
Task|Create an account for Digital Citizen programme|DBAAS-8003|Ricardo Martinez|Ricardo Martinez|Medium|Done|Done|2022-01-14 14:42:12.201|2022-01-19 09:47:52.435||DBAAS-7839|2022-01-19 09:47:43.732|2022-01-19 09:47:43.738||
Task|Conceptualize the JML process with the Enabling Solution Squad|DBAAS-8002|Ricardo Martinez|Ricardo Martinez|Medium|Done|Done|2022-01-14 14:39:32.070|2022-01-17 17:34:19.058||DBAAS-7839|2022-01-17 17:34:19.048|2022-01-17 17:34:19.058||
Task|Research Mover process for DBaaS member |DBAAS-7930|Ricardo Martinez|Ricardo Martinez|Medium|Done|Done|2022-01-10 09:48:57.401|2022-01-13 17:46:31.590||DBAAS-7839|2022-01-13 17:46:31.581|2022-01-13 17:46:31.590||
Task|Research Joiner process for DBaaS member |DBAAS-7928|Ricardo Martinez|Ricardo Martinez|Medium|Done|Done|2022-01-10 09:48:40.135|2022-01-11 18:20:10.020||DBAAS-7839|2022-01-11 18:20:10.013|2022-01-11 18:20:10.020||
Task|Make stress test for the Attestation App UAT environment|DBAAS-7864|Ricardo Martinez|Ricardo Martinez|Medium|Done|Done|2022-01-03 10:16:06.959|2022-02-07 14:06:13.658||DBAAS-5814|2022-02-07 14:06:13.651|2022-02-07 14:06:13.658||
Task|Receive Auditors' feedback|DBAAS-7863|Ricardo Martinez|Ricardo Martinez|Medium|Done|Done|2022-01-03 10:15:35.823|2022-01-04 17:55:29.458||DBAAS-5814|2022-01-04 17:55:29.452|2022-01-04 17:55:29.458||
Enabler Story|Conceptualize Design for DBAAS-7839|DBAAS-7840|Ricardo Martinez|Automation for Jira|Medium|Done|Done|2021-12-23 13:05:59.457|2022-02-04 11:19:48.003||DBAAS-7839|2022-02-04 11:19:47.996|2022-02-04 11:19:48.004||
Feature|Design Automation of the DBaaS Joiner/Mover/Leaver Process|DBAAS-7839|Ricardo Martinez|Derek Daigrepont|Medium|In Design||2021-12-23 13:05:57.338|2022-01-20 17:51:47.898|2022-03-11 00:00:00.000|||2022-01-10 14:32:28.023||
Enabler Story|Research the feasibility of running the Compliance Collection more than once a day|DBAAS-7833|Ricardo Martinez|Pooja Chanana|Medium|Done|Done|2021-12-21 12:14:59.962|2022-01-04 11:24:33.677|||2022-01-04 11:24:33.668|2022-01-04 11:24:33.677|DBAAS-7798|
Task|Run Attestation App testing|DBAAS-7801|Ricardo Martinez|Ricardo Martinez|Medium|Done|Done|2021-12-14 16:26:59.516|2021-12-20 15:25:00.367||DBAAS-5814|2021-12-20 15:25:00.361|2021-12-20 15:25:00.367||
Task|Get a Security Group that can be used for sharing the app|DBAAS-7800|Ricardo Martinez|Ricardo Martinez|Medium|Done|Done|2021-12-14 16:24:50.529|2021-12-20 15:24:11.465||DBAAS-5814|2021-12-20 15:24:07.323|2021-12-20 15:24:07.331||
Task|Present the security assessment and receive feedback|DBAAS-7799|Ricardo Martinez|Ricardo Martinez|Medium|Done|Done|2021-12-14 16:23:52.972|2021-12-16 16:49:33.473||DBAAS-5814|2021-12-16 16:49:33.465|2021-12-16 16:49:33.474||
Enabler Story|Design Testing and Deployment plan for the Attestation App|DBAAS-7776|Ricardo Martinez|Ricardo Martinez|Medium|Done|Done|2021-12-13 17:50:21.114|2022-02-01 10:03:14.507||DBAAS-5814|2022-02-01 10:03:14.501|2022-02-01 10:03:14.507||
Build Story|PBI. Make modifications to Reports|DBAAS-7758|Ricardo Martinez|Ricardo Martinez|Medium|Done|Done|2021-12-09 14:36:43.175|2021-12-13 17:48:22.826||DBAAS-5814|2021-12-13 17:48:22.819|2021-12-13 17:48:22.826||
Enabler Story|Fix problems with Database Migration Analyzer Report |DBAAS-7749|Ricardo Martinez|Eduardo Silva|Medium|Done|Done|2021-12-08 17:46:33.212|2021-12-13 13:37:22.633|||2021-12-13 13:37:22.624|2021-12-13 13:37:22.633||
Task|"Research ""Goals"" section in Power BI"|DBAAS-7708|Ricardo Martinez|Ricardo Martinez|Medium|Done|Done|2021-12-03 15:13:50.258|2021-12-07 14:41:22.151|||2021-12-07 14:41:22.144|2021-12-07 14:41:22.151||
Enhancement|Add a label about the refresh constraints for the Compliance report|DBAAS-7705|Ricardo Martinez|Ricardo Martinez|Low|Done|Done|2021-12-03 13:27:57.930|2021-12-09 11:26:55.232|2021-12-10 00:00:00.000||2021-12-09 11:26:55.227|2021-12-09 11:26:55.233||
Enhancement|Enhance the Store Procedure Account Compliance Collection for the Account Collection PowerBI Report|DBAAS-7700|Ricardo Martinez|Ricardo Martinez|Medium|Done|Done|2021-12-03 13:20:11.494|2022-03-07 16:49:29.701|||2022-01-31 19:44:03.235|2022-01-31 19:44:03.241|DBAAS-7779|
Task|"Research the security procedure for requesting ""explicit"" connection share in an environment"|DBAAS-7671|Ricardo Martinez|Ricardo Martinez|Medium|Done|Done|2021-11-29 13:52:31.845|2021-12-06 09:31:40.696|2021-12-17 00:00:00.000|DBAAS-5814|2021-12-06 09:31:40.690|2021-12-06 09:31:40.696||
Task|"Research the security procedure for requesting ""maker"" access to the environment"|DBAAS-7670|Ricardo Martinez|Ricardo Martinez|Medium|Done|Done|2021-11-29 13:51:40.654|2021-12-14 16:28:48.002|2021-12-17 00:00:00.000|DBAAS-5814|2021-12-14 16:28:47.996|2021-12-14 16:28:48.002||
Task|Send security report to stakeholders on how to share the app|DBAAS-7666|Ricardo Martinez|Ricardo Martinez|Medium|Done|Done|2021-11-25 19:15:03.335|2021-11-26 16:25:27.185||DBAAS-5814|2021-11-26 16:25:27.179|2021-11-26 16:25:27.185||
Build Story|Make app modifications|DBAAS-7659|Ricardo Martinez|Ricardo Martinez|Medium|Done|Done|2021-11-24 12:50:20.193|2021-11-24 16:15:49.768||DBAAS-5814|2021-11-24 16:15:49.762|2021-11-24 16:15:49.768||
Task|Get the definitive 90 days logic|DBAAS-7657|Ricardo Martinez|Ricardo Martinez|Medium|Done|Done|2021-11-24 12:11:42.147|2021-12-09 14:43:12.498|2021-12-10 00:00:00.000|DBAAS-5814|2021-12-09 14:43:12.487|2021-12-09 14:43:12.498||
Build Story|PAPPS. Make modifications to the Attestations reports|DBAAS-7588|Ricardo Martinez|Ricardo Martinez|Medium|Done|Done|2021-11-17 15:57:19.860|2021-11-19 12:08:15.085||DBAAS-5814|2021-11-19 12:08:15.079|2021-11-19 12:08:15.085||
Task|Resolve ticket TASK000005586197|DBAAS-7493|Ricardo Martinez|Ricardo Martinez|Medium|Done|Done|2021-11-09 16:19:01.271|2021-11-11 16:35:08.496|||2021-11-11 12:52:25.700|2021-11-11 12:52:25.707||
Build Story|PAPPS. Update the Attestation main screen to display rationale list|DBAAS-7486|Ricardo Martinez|Miguel Martinez|Medium|Done|Done|2021-11-08 17:26:01.481|2021-11-09 16:19:33.680||DBAAS-5814|2021-11-09 16:19:33.674|2021-11-09 16:19:33.680||
Build Story|PBI. Update the Attestation PBI reports to handle dynamic and fixed periods|DBAAS-7484|Ricardo Martinez|Miguel Martinez|Medium|Done|Done|2021-11-08 17:22:05.573|2021-11-12 13:44:20.391|2021-11-19 00:00:00.000|DBAAS-5814|2021-11-12 13:11:27.778|2021-11-12 13:11:27.786||
Enabler Story|PAPPS. Create connections to Prod Environment|DBAAS-7439|Ricardo Martinez|Ricardo Martinez|Medium|Done|Done|2021-11-05 12:32:17.906|2021-11-18 09:49:16.236|2021-11-26 00:00:00.000|DBAAS-5814|2021-11-18 09:49:16.231|2021-11-18 09:49:16.236||
Enabler Story|Determine the 90 day period logic|DBAAS-7428|Ricardo Martinez|Ricardo Martinez|Medium|Done|Done|2021-11-04 16:58:05.085|2021-11-09 14:43:01.298||DBAAS-5814|2021-11-09 14:43:01.292|2021-11-09 14:43:01.298||
Enabler Story|PBI. Filter only the active instances.|DBAAS-7427|Ricardo Martinez|Ricardo Martinez|Medium|Done|Done|2021-11-04 15:09:40.440|2021-11-04 15:12:12.259||DBAAS-5814|2021-11-04 15:12:12.252|2021-11-04 15:12:12.259||
Enabler Story|Set up the Attestation app and reports in Power BI with the new DB SYNATT schema|DBAAS-7377|Ricardo Martinez|Miguel Martinez|Medium|Done|Done|2021-10-28 18:04:16.023|2021-11-02 11:20:27.203||DBAAS-5814|2021-11-02 11:20:09.466|2021-11-02 11:20:09.472|DBAAS-7379|
Enabler Story|"PAPPS. Create ""Flag"" capability to each row"|DBAAS-7320|Ricardo Martinez|Ricardo Martinez|Medium|Done|Done|2021-10-22 12:30:04.978|2021-10-26 11:24:37.241||DBAAS-5814|2021-10-26 11:24:37.235|2021-10-26 11:24:37.241||
Enabler Story|Confirm how to apply the Rationale to each DBI|DBAAS-7316|Ricardo Martinez|Ricardo Martinez|Medium|Done|Done|2021-10-22 10:57:58.019|2021-10-26 11:24:53.182||DBAAS-5814|2021-10-22 12:26:29.892|2021-10-22 12:26:29.897|DBAAS-7319|
Build Story|Implement CI/CD Pipeline for Attestation App |DBAAS-7315|Ricardo Martinez|Julio Alcala|Medium|Done|Done|2021-10-22 10:49:08.024|2022-02-01 20:15:18.021||DBAAS-5814|2022-02-01 10:03:07.773|2022-02-01 10:03:07.785|DBAAS-7131;DBAAS-7440|
Enabler Story|PAPPS. Create connection to CATALOGS table|DBAAS-7305|Ricardo Martinez|Ricardo Martinez|Medium|Done|Done|2021-10-21 11:24:34.332|2021-10-22 10:34:26.048||DBAAS-5814|2021-10-22 10:34:26.031|2021-10-22 10:34:26.048||
Enabler Story|"SQL. Create CATALOGS table to handle ""Rationale"" and future catalogs"|DBAAS-7304|Ricardo Martinez|Ricardo Martinez|Medium|Done|Done|2021-10-21 11:19:09.059|2021-10-21 11:22:17.262||DBAAS-5814|2021-10-21 11:19:17.027|2021-10-21 11:19:17.031||
Enabler Story|PBI & PAPPS. Make proposed modifications in meeting with stakeholders|DBAAS-7285|Ricardo Martinez|Ricardo Martinez|Medium|Done|Done|2021-10-20 17:39:34.726|2021-11-08 16:32:09.751|2021-11-12 00:00:00.000|DBAAS-5814|2021-11-08 16:32:05.903|2021-11-08 16:32:05.911||
Enabler Story|Modifications for stakeholders demo|DBAAS-7206|Ricardo Martinez|Ricardo Martinez|Medium|Done|Done|2021-10-19 11:41:53.101|2021-10-19 11:45:50.512||DBAAS-5814|2021-10-19 11:45:50.507|2021-10-19 11:45:50.512||
Enabler Story|Create the Power BI APP that will be used for DBaaS Workspace|DBAAS-7200|Ricardo Martinez|Julio Alcala|Medium|Done|Done|2021-10-19 10:11:54.205|2021-12-13 17:49:17.211||DBAAS-6735|2021-12-13 17:49:17.205|2021-12-13 17:49:17.211|DBAAS-7198|
Enabler Story|PAPPS. Make the App usable for users without connection permissions|DBAAS-7131|Ricardo Martinez|Ricardo Martinez|Medium|Done|Done|2021-10-12 16:28:57.479|2021-12-07 14:14:38.081|2021-12-17 00:00:00.000|DBAAS-5814|2021-12-07 12:09:09.148|2021-12-07 12:09:09.154|DBAAS-6947;DBAAS-7315|
Enabler Story|Test the Attestation App with multiple concurrent users|DBAAS-7106|Ricardo Martinez|Miguel Martinez|Medium|Done|Done|2021-10-06 18:22:53.390|2021-10-06 18:31:33.173||DBAAS-5814|2021-10-06 18:29:15.388|2021-10-06 18:29:15.393||
Enabler Story|PBI. Test direct query connection with custom SQL query|DBAAS-7045|Ricardo Martinez|Miguel Martinez|Medium|Done|Done|2021-09-27 17:43:32.816|2021-10-14 10:55:32.794||DBAAS-5814|2021-10-12 16:20:59.663|2021-10-12 16:20:59.668||
Build Story|Modify the DBaaS Database Instance PowerBI report to include the Last_Login_Date for Database Instances|DBAAS-7008|Ricardo Martinez|Pooja Chanana|Medium|Done|Done|2021-09-22 14:33:31.608|2021-09-29 13:02:36.948||DBAAS-7003|2021-09-24 13:48:24.426|2021-09-24 13:48:24.430|DBAAS-7007|
Enabler Story|PAPPS. Create FAQs screen|DBAAS-6961|Ricardo Martinez|Ricardo Martinez|Medium|Done|Done|2021-09-20 13:53:45.132|2022-01-04 13:45:43.842|2021-11-26 00:00:00.000|DBAAS-5814|2022-01-04 13:45:43.835|2022-01-04 13:45:43.842||
Enabler Story|PBI. Change columns sent to the PAPPS and correct look and feel|DBAAS-6960|Ricardo Martinez|Ricardo Martinez|Medium|Done|Done|2021-09-20 13:35:30.834|2021-09-22 15:57:14.742||DBAAS-5814|2021-09-22 15:57:14.737|2021-09-22 15:57:14.742||
Enabler Story|PBI. Use RLS to display the data for the logged user.|DBAAS-6947|Ricardo Martinez|Miguel Martinez|Medium|Done|Done|2021-09-20 09:11:36.152|2021-12-08 09:34:06.299||DBAAS-5814|2021-12-08 09:34:01.845|2021-12-08 09:34:01.851|DBAAS-7131|
Subtask|PAPPS. Use RLS to display the data for the logged user. History for edition. Where Dt_Diff_Att < 20 Days (TBD)|DBAAS-6538|Ricardo Martinez|Fabian Ponce|Medium|Done|Done|2021-08-30 11:09:54.001|2021-09-20 09:38:31.586||DBAAS-6514|2021-09-20 09:38:31.578|2021-09-20 09:38:31.587|DBAAS-6537|
Enabler Story|PAPPS. Make changes to Default Screen|DBAAS-6522|Ricardo Martinez|Fabian Ponce|Medium|Done|Done|2021-08-26 12:50:02.068|2021-09-21 18:48:18.669||DBAAS-5814|2021-09-21 18:46:38.200|2021-09-21 18:46:38.205||
Enabler Story|Attest - List all database instances with editable attestation data. PAPPS|DBAAS-6514|Ricardo Martinez|Fabian Ponce|Medium|Done|Done|2021-08-26 12:47:53.278|2021-09-29 13:02:38.603||DBAAS-5814|2021-09-20 09:38:36.911|2021-09-20 09:38:36.917|DBAAS-6515;DBAAS-6513|
Subtask|Validate and correct DBaaS Support Cost Report|DBAAS-6477|Ricardo Martinez|Ricardo Martinez|Medium|Done|Done|2021-08-17 11:02:27.957|2021-08-20 12:53:05.361||DBAAS-6470|2021-08-20 12:53:05.357|2021-08-20 12:53:05.362||
Subtask|Validate and correct Database Assets Reports|DBAAS-6476|Ricardo Martinez|Ricardo Martinez|Medium|Done|Done|2021-08-17 11:02:18.133|2021-08-20 12:52:56.138||DBAAS-6470|2021-08-20 12:52:56.134|2021-08-20 12:52:56.139||
Subtask| Check an correct DBaaS Scheduled Run Time Dashboard|DBAAS-6472|Ricardo Martinez|Ricardo Martinez|Medium|Done|Done|2021-08-17 09:47:08.390|2021-08-19 13:26:19.700||DBAAS-6469|2021-08-17 11:00:36.199|2021-08-17 11:00:36.203||
Enhancement|Update PowerBI Reports to correct the number of Instances shown on the Reports|DBAAS-6470|Ricardo Martinez|Pooja Chanana|High|Done|Done|2021-08-17 09:00:14.139|2021-10-06 21:41:09.404|||2021-08-26 10:04:45.207|2021-08-26 10:04:45.213||
Enhancement|Update Power BI Reports to eliminate any hard coded values|DBAAS-6469|Ricardo Martinez|Pooja Chanana|Medium|Done|Done|2021-08-17 08:08:42.502|2021-11-05 12:38:17.220|||2021-11-05 12:34:28.062|2021-11-05 12:34:28.071||
Enhancement|Update Managed DBaaS Support Cost Forecast Power BI report|DBAAS-6402|Ricardo Martinez|Pooja Chanana|Medium|Done|Done|2021-08-11 17:18:54.889|2021-09-26 21:35:08.041|||2021-08-13 06:45:57.076|2021-08-13 06:45:57.080||
Enabler Story|Research the capability to create a ticket in ServiceNow from the chosen web tool|DBAAS-6306|Ricardo Martinez|Pooja Chanana|Medium|Done|Done|2021-07-28 16:23:44.655|2022-02-25 12:50:19.705||DBAAS-7766|2022-02-25 12:50:13.602|2022-02-25 12:50:13.611||
Subtask|Install Slack Client|DBAAS-5980|Ricardo Martinez|Derek Daigrepont|Medium|Done|Done|2021-07-06 11:10:47.930|2021-07-14 17:22:08.865||DBAAS-5960|2021-07-14 17:22:08.862|2021-07-14 17:22:08.865||
Subtask|Update GAL and Profile Information|DBAAS-5979|Ricardo Martinez|Derek Daigrepont|Medium|Done|Done|2021-07-06 11:10:47.515|2021-07-14 17:23:08.956||DBAAS-5960|2021-07-14 17:23:08.953|2021-07-14 17:23:08.956||
Subtask|Install the Zscaler tool|DBAAS-5966|Ricardo Martinez|Derek Daigrepont|Medium|Done|Done|2021-07-06 11:10:42.706|2021-07-14 17:21:26.842||DBAAS-5960|2021-07-14 17:21:26.838|2021-07-14 17:21:26.842||
Subtask|Install tools on developer workstation|DBAAS-5965|Ricardo Martinez|Derek Daigrepont|Medium|Done|Done|2021-07-06 11:10:42.350|2021-07-14 17:24:04.146||DBAAS-5960|2021-07-14 17:24:04.143|2021-07-14 17:24:04.147||
Subtask|Request cloud platform server admin account|DBAAS-5964|Ricardo Martinez|Derek Daigrepont|Medium|Done|Done|2021-07-06 11:10:41.957|2021-07-15 22:42:59.224||DBAAS-5960|2021-07-15 22:42:59.221|2021-07-15 22:42:59.225||
Subtask|Review and understand important DBaaS documentation (policies, procedures, user guides, etc.)|DBAAS-5963|Ricardo Martinez|Derek Daigrepont|Medium|Done|Done|2021-07-06 11:10:41.532|2021-07-15 22:41:59.404||DBAAS-5960|2021-07-15 22:41:59.401|2021-07-15 22:41:59.405||
Feature|DBaaS Database Instance Account Attestation Web Application|DBAAS-5814|Ricardo Martinez|Pooja Chanana|Medium|In Functional Testing||2021-06-22 13:12:05.877|2022-03-11 11:43:40.481|2022-03-11 00:00:00.000|||2021-07-12 15:28:40.980|DBAAS-5810|
